行星,seg
作詞：邱建豪作曲：邱建豪、郭哲成編曲：理想混蛋主唱：邱建豪沒有行李 沒有目的一個人旅行在無邊黑暗裡 直到耗盡勇氣卻無人回應忘記了呼吸直到誰的溫熱把我喚醒指引卻無法觸及那絕對的距離投射光芒的你我獨自盤旋在看得見你的軌道仰望著你一圈再一圈的圍繞我不能靠近 卻也不願遠離習慣在你影子裡遊戲我的孤寂你成為了定律我放棄了時間轉過了一天過了一季過一年你一如往常發著光 而我就這樣安靜地被遺忘更多更詳盡歌詞 在 ※ Mojim.com　魔鏡歌詞網 我獨自盤旋在看得見你的軌道仰望著你一圈再一圈的圍繞我不能靠近 卻也不願遠離習慣在你影子裡遊戲我的孤寂你成為了定律我放棄了時間轉過了一天過了一季過一年你一如往常發著光 而我就這樣安靜地被遺忘我沉睡時幻想 你就在我身旁清醒卻發現 你仍然遠方你聽見了嗎 我在這裡歌唱一個人一個星球等待你一個回答也許有天時間把願望都埋葬只留下我為你踱步的殘響你一如往常發著光 而我就這樣安靜地被遺忘滿足地被遺忘幸福的被遺忘[00:00.00]理想混蛋Bestards - 行星[00:15.00][00:20.66][00:40.80][01:00.48][01:19.29][02:23.34][02:31.32][02:47.71][03:07.89][04:00.00][00:27.90]沒有行李 沒有目的[00:37.40]一個人旅行[00:47.21]在無邊黑暗裡 直到耗盡勇氣[00:56.02]卻無人回應[01:05.40]忘記了呼吸[01:10.20]直到誰的溫熱 把我喚醒[01:25.00]指引卻無法觸及[01:30.42]那絕對的距離[01:35.19]投射光芒的你[01:42.19][03:19.00]我獨自盤旋在看得見你的軌道[01:46.90][03:23.90]仰望著你一圈再一圈的圍繞[01:51.73][03:29.14]我不能靠近 卻也不願遠離[01:56.69][03:33.86]習慣在你影子裡遊戲我的孤寂[02:01.10][03:38.77]你成為了定律我放棄了時間[02:06.20][03:43.76]轉過了一天過了一季過一年[02:11.10][03:48.64]你一如往常發著光而我就這樣[02:18.32][03:55.81]安靜地被遺忘[04:08.14]我沉睡時幻想 你就在我身旁[04:12.48]清醒卻發現 你仍然遠方[04:17.90]你聽見了嗎 我在這裡歌唱[04:22.35]一個人一個星球等待你一個回答[04:27.70]也許有天時間把願望都埋葬[04:32.45]只留下我為你踱步的殘響[04:36.90]你一如往常發著光而我就這樣[04:44.50]安靜地被遺忘[04:49.34]滿足地被遺忘[04:54.00]幸福的被遺忘[04:59.87][05:10.40][05:30.00]-END- 感謝 未命名的翼  提供動態歌詞,"['作詞', '：', '邱建豪', '作曲', '：', '邱建豪', '、', '郭哲成', '編曲', '：', '理想', '混蛋', '主唱', '：', '邱建豪', '沒有', '行李', ' ', '沒有', '目的', '一個', '人', '旅行', '在', '無邊', '黑暗', '裡', ' ', '直到', '耗盡', '勇氣', '卻', '無人', '回應', '忘記', '了', '呼吸', '直到', '誰', '的', '溫熱', '把', '我', '喚醒', '指引', '卻', '無法觸', '及', '那絕', '對', '的', '距離', '投射', '光芒', '的', '你', '我', '獨自盤', '旋', '在', '看', '得', '見', '你', '的', '軌道', '仰望', '著', '你', '一圈', '再', '一圈', '的', '圍繞', '我', '不能', '靠近', ' ', '卻', '也', '不願', '遠離', '習慣', '在', '你', '影子', '裡遊戲', '我', '的', '孤寂', '你', '成為', '了', '定律', '我放棄', '了', '時間', '轉過', '了', '一天', '過了', '一季', '過', '一年', '你', '一如', '往常', '發著光', ' ', '而', '我', '就', '這樣', '安靜', '地被', '遺忘', '更', '多', '更', '詳盡', '歌詞', ' ', '在', ' ', '※', ' ', 'Mojim', '.', 'com', '\u3000', '魔鏡', '歌', '詞網', ' ', '我', '獨自盤', '旋', '在', '看', '得', '見', '你', '的', '軌道', '仰望', '著', '你', '一圈', '再', '一圈', '的', '圍繞', '我', '不能', '靠近', ' ', '卻', '也', '不願', '遠離', '習慣', '在', '你', '影子', '裡遊戲', '我', '的', '孤寂', '你', '成為', '了', '定律', '我放棄', '了', '時間', '轉過', '了', '一天', '過了', '一季', '過', '一年', '你', '一如', '往常', '發著光', ' ', '而', '我', '就', '這樣', '安靜', '地被', '遺', '忘我', '沉睡', '時', '幻想', ' ', '你', '就', '在', '我', '身旁', '清醒', '卻', '發現', ' ', '你', '仍然', '遠方', '你', '聽', '見', '了', '嗎', ' ', '我', '在', '這裡', '歌唱', '一個', '人', '一個', '星球', '等待', '你', '一個', '回答', '也', '許有', '天時間', '把', '願望', '都', '埋葬', '只', '留下', '我', '為', '你', '踱步', '的', '殘響', '你', '一如', '往常', '發著光', ' ', '而', '我', '就', '這樣', '安靜', '地被', '遺忘', '滿足', '地被', '遺忘', '幸福', '的', '被', '遺忘', '[', '00', ':', '00.00', ']', '理想', '混蛋', 'Bestards', ' ', '-', ' ', '行星', '[', '00', ':', '15.00', ']', '[', '00', ':', '20.66', ']', '[', '00', ':', '40.80', ']', '[', '01', ':', '00.48', ']', '[', '01', ':', '19.29', ']', '[', '02', ':', '23.34', ']', '[', '02', ':', '31.32', ']', '[', '02', ':', '47.71', ']', '[', '03', ':', '07.89', ']', '[', '04', ':', '00.00', ']', '[', '00', ':', '27.90', ']', '沒有', '行李', ' ', '沒有', '目的', '[', '00', ':', '37.40', ']', '一個', '人', '旅行', '[', '00', ':', '47.21', ']', '在', '無邊', '黑暗', '裡', ' ', '直到', '耗盡', '勇氣', '[', '00', ':', '56.02', ']', '卻', '無人', '回應', '[', '01', ':', '05.40', ']', '忘記', '了', '呼吸', '[', '01', ':', '10.20', ']', '直到', '誰', '的', '溫熱', ' ', '把', '我', '喚醒', '[', '01', ':', '25.00', ']', '指引', '卻', '無法觸', '及', '[', '01', ':', '30.42', ']', '那絕', '對', '的', '距離', '[', '01', ':', '35.19', ']', '投射', '光芒', '的', '你', '[', '01', ':', '42.19', ']', '[', '03', ':', '19.00', ']', '我', '獨自盤', '旋', '在', '看', '得', '見', '你', '的', '軌道', '[', '01', ':', '46.90', ']', '[', '03', ':', '23.90', ']', '仰望', '著', '你', '一圈', '再', '一圈', '的', '圍繞', '[', '01', ':', '51.73', ']', '[', '03', ':', '29.14', ']', '我', '不能', '靠近', ' ', '卻', '也', '不願', '遠離', '[', '01', ':', '56.69', ']', '[', '03', ':', '33.86', ']', '習慣', '在', '你', '影子', '裡遊戲', '我', '的', '孤寂', '[', '02', ':', '01.10', ']', '[', '03', ':', '38.77', ']', '你', '成為', '了', '定律', '我放棄', '了', '時間', '[', '02', ':', '06.20', ']', '[', '03', ':', '43.76', ']', '轉過', '了', '一天', '過了', '一季', '過', '一年', '[', '02', ':', '11.10', ']', '[', '03', ':', '48.64', ']', '你', '一如', '往常', '發著光', '而', '我', '就', '這樣', '[', '02', ':', '18.32', ']', '[', '03', ':', '55.81', ']', '安靜', '地被', '遺忘', '[', '04', ':', '08.14', ']', '我', '沉睡', '時', '幻想', ' ', '你', '就', '在', '我', '身旁', '[', '04', ':', '12.48', ']', '清醒', '卻', '發現', ' ', '你', '仍然', '遠方', '[', '04', ':', '17.90', ']', '你', '聽', '見', '了', '嗎', ' ', '我', '在', '這裡', '歌唱', '[', '04', ':', '22.35', ']', '一個', '人', '一個', '星球', '等待', '你', '一個', '回答', '[', '04', ':', '27.70', ']', '也', '許有', '天時間', '把', '願望', '都', '埋葬', '[', '04', ':', '32.45', ']', '只', '留下', '我', '為', '你', '踱步', '的', '殘響', '[', '04', ':', '36.90', ']', '你', '一如', '往常', '發著光', '而', '我', '就', '這樣', '[', '04', ':', '44.50', ']', '安靜', '地被', '遺忘', '[', '04', ':', '49.34', ']', '滿足', '地被', '遺忘', '[', '04', ':', '54.00', ']', '幸福', '的', '被', '遺忘', '[', '04', ':', '59.87', ']', '[', '05', ':', '10.40', ']', '[', '05', ':', '30.00', ']', '-', 'END', '-', ' ', '感謝', ' ', '未命名', '的', '翼', ' ', ' ', '提供', '動態', '歌詞']"
不是因為天氣晴朗才愛你,"['不是', '因為', '天氣', '晴朗', '才', '愛', '你']"
演唱：邱建豪作詞：邱建豪作曲：邱建豪編曲：理想混蛋不是因為天氣晴朗才愛你不是因為看見星星才想你不是因為剛好沒有別的事才一直一直一直在腦海裡複習擁抱你 什麼角度最合適其實我 常會想像我們老了的樣子左邊牽著手 右手拉小狗可能還有很多小孩子其實我 不是因為好天氣才這麼說牽著你走過大雨盛開水花的路口也是我一樣喜歡的夢更多更詳盡歌詞 在 ※ Mojim.com　魔鏡歌詞網 不是因為天氣晴朗才愛你不是因為看見星星才想你不是因為剛好沒有別的事才一直一直一直在腦海裡複習擁抱你 什麼角度最合適其實我 常會想像我們老了的樣子左邊牽著手 右手拉小狗可能還有很多小孩子其實我 不是因為好天氣才這麼說牽著你走過大雨盛開水花的路口也是我一樣喜歡的夢牽著你走過大雨盛開水花的路口也是我一樣喜歡的夢,"['演唱', '：', '邱建豪', '作詞', '：', '邱建豪', '作曲', '：', '邱建豪', '編曲', '：', '理想', '混蛋', '不是', '因為', '天氣', '晴朗', '才', '愛', '你', '不是', '因為', '看見', '星星', '才', '想', '你', '不是', '因為', '剛好', '沒有別', '的', '事', '才', '一直', '一直', '一直', '在', '腦海裡', '複', '習擁', '抱', '你', ' ', '什麼', '角度', '最合', '適其實', '我', ' ', '常會', '想像', '我們', '老', '了', '的', '樣子', '左邊', '牽著手', ' ', '右手', '拉', '小狗', '可能', '還有', '很多', '小孩子', '其實', '我', ' ', '不是', '因為', '好', '天氣', '才', '這麼', '說', '牽著', '你', '走過', '大雨', '盛開', '水花', '的', '路口', '也', '是', '我', '一樣', '喜歡', '的', '夢', '更', '多', '更', '詳盡', '歌詞', ' ', '在', ' ', '※', ' ', 'Mojim', '.', 'com', '\u3000', '魔鏡', '歌', '詞網', ' ', '不是', '因為', '天氣', '晴朗', '才', '愛', '你', '不是', '因為', '看見', '星星', '才', '想', '你', '不是', '因為', '剛好', '沒有別', '的', '事', '才', '一直', '一直', '一直', '在', '腦海裡', '複', '習擁', '抱', '你', ' ', '什麼', '角度', '最合', '適其實', '我', ' ', '常會', '想像', '我們', '老', '了', '的', '樣子', '左邊', '牽著手', ' ', '右手', '拉', '小狗', '可能', '還有', '很多', '小孩子', '其實', '我', ' ', '不是', '因為', '好', '天氣', '才', '這麼', '說', '牽著', '你', '走過', '大雨', '盛開', '水花', '的', '路口', '也', '是', '我', '一樣', '喜歡', '的', '夢', '牽著', '你', '走過', '大雨', '盛開', '水花', '的', '路口', '也', '是', '我', '一樣', '喜歡', '的', '夢']"
獨角仙的夢 (Kabutomushi's Dream),"['獨角', '仙', '的', '夢', ' ', '(', 'Kabutomushi', ""'"", 's', ' ', 'Dream', ')']"
作詞：邱建豪作曲：邱建豪編曲：理想混蛋驕傲的活著 向晚的天空裡飛身體還殘留著 土壤氣味高樓天際線 尖銳的割開夕陽的窗簾卻透不進光線有沒有一座花園 很美光臘樹盛開鮮豔霧霾中睜開雙眼 卻看見城市燈火炙烈看我往前飛 看我一角劈開夏天劈開了 水泥和鋼鐵飛回童年的鄉間跟我往前飛 在翅膀都風乾以前能飛多遠 就飛更遠一點去找回綠色的夏天成群的孩子 低著頭越過斑馬線誰偷走了他們 頭上的星點無止盡改變 今日的柏油昨日的森野前進還是後退有沒有一座花園 很美更多更詳盡歌詞 在 ※ Mojim.com　魔鏡歌詞網 光臘樹盛開鮮豔霧霾中睜開雙眼 卻看見城市燈火炙烈看我往前飛 看我一角劈開夏天劈開了 水泥和鋼鐵飛回童年的鄉間跟我往前飛 在翅膀都風乾以前能飛多遠 就飛更遠一點去找回綠色的夏天小時候幻想穿上了鎧甲去冒險去尋找一座藏著寶藏的森林裡我們跳舞 我們遊戲著 笑臉長大卻發現世界不如想像完美大人說砍下樹木就會流出金錢我的夢卻要破碎不能妥協看我往前飛 看我一角劈開夏天劈開了 水泥和鋼鐵立起旗桿挑戰整個世界跟我往前飛 在翅膀都風乾以前能飛多遠 就飛更遠一點去找回綠色的夏天,"['作詞', '：', '邱建豪', '作曲', '：', '邱建豪', '編曲', '：', '理想', '混蛋', '驕傲', '的', '活著', ' ', '向晚', '的', '天空', '裡飛', '身體', '還殘留', '著', ' ', '土壤', '氣味', '高樓', '天際線', ' ', '尖銳', '的', '割', '開夕陽', '的', '窗簾', '卻', '透', '不', '進光線', '有', '沒', '有', '一座', '花園', ' ', '很', '美光臘', '樹盛', '開鮮', '豔', '霧', '霾', '中睜開', '雙眼', ' ', '卻', '看', '見', '城市', '燈火炙烈', '看', '我', '往前', '飛', ' ', '看', '我', '一角', '劈開', '夏天', '劈開', '了', ' ', '水泥', '和', '鋼鐵飛', '回', '童年', '的', '鄉間', '跟', '我', '往前', '飛', ' ', '在', '翅膀', '都', '風乾', '以前', '能', '飛多遠', ' ', '就', '飛', '更', '遠', '一點', '去', '找回', '綠色', '的', '夏天', '成群', '的', '孩子', ' ', '低著頭', '越過', '斑馬線', '誰', '偷走', '了', '他們', ' ', '頭上', '的', '星點', '無止', '盡', '改變', ' ', '今日', '的', '柏油', '昨日', '的', '森野前', '進還', '是', '後', '退', '有', '沒', '有', '一座', '花園', ' ', '很美', '更', '多', '更', '詳盡', '歌詞', ' ', '在', ' ', '※', ' ', 'Mojim', '.', 'com', '\u3000', '魔鏡', '歌', '詞網', ' ', '光臘樹盛', '開鮮', '豔', '霧', '霾', '中睜開', '雙眼', ' ', '卻', '看', '見', '城市', '燈火炙烈', '看', '我', '往前', '飛', ' ', '看', '我', '一角', '劈開', '夏天', '劈開', '了', ' ', '水泥', '和', '鋼鐵飛', '回', '童年', '的', '鄉間', '跟', '我', '往前', '飛', ' ', '在', '翅膀', '都', '風乾', '以前', '能', '飛多遠', ' ', '就', '飛', '更', '遠', '一點', '去', '找回', '綠色', '的', '夏天', '小時候', '幻想', '穿', '上', '了', '鎧甲去', '冒險', '去', '尋找', '一座', '藏著', '寶藏', '的', '森林', '裡我們', '跳舞', ' ', '我們', '遊戲', '著', ' ', '笑', '臉長', '大', '卻', '發現', '世界', '不如', '想像', '完美', '大人', '說', '砍', '下樹木', '就', '會', '流出', '金錢', '我', '的', '夢', '卻', '要', '破碎', '不能', '妥協', '看', '我', '往前', '飛', ' ', '看', '我', '一角', '劈開', '夏天', '劈開', '了', ' ', '水泥', '和', '鋼鐵立', '起旗桿', '挑戰', '整個', '世界', '跟', '我', '往前', '飛', ' ', '在', '翅膀', '都', '風乾', '以前', '能', '飛多遠', ' ', '就', '飛', '更', '遠', '一點', '去', '找回', '綠色', '的', '夏天']"
夏夜煙火,"['夏夜', '煙火']"
作詞：邱建豪作曲：邱建豪編曲：理想混蛋怎麼結束一個夜不成眠的夏天遺落的都已漸遠再強揹都是累贅怎麼結束一個支離破碎的夏天珍貴的都已不見你都已不見我無從找起愛過你的理由預設的美好卻成失蹤人口更多更詳盡歌詞 在 ※ Mojim.com　魔鏡歌詞網 你沉默往黑夜逃走 懦弱過了頭逆轉的時鐘蒸發你的下落我無從找起愛過你的理由停格畫面零碎成記憶煙火盛放了夏夜空 燃燒 然後墜落餘燼再沒有你一絲挽留也沒有我強求我已想不起你的表情 在你走的時候是掙扎得難以形容還是輕易得無地自容,"['作詞', '：', '邱建豪', '作曲', '：', '邱建豪', '編曲', '：', '理想', '混蛋', '怎麼', '結束', '一個', '夜', '不', '成眠', '的', '夏天', '遺落', '的', '都', '已漸', '遠', '再', '強', '揹', '都', '是', '累', '贅', '怎', '麼', '結', '束', '一', '個', '支', '離', '破碎', '的', '夏天', '珍貴', '的', '都', '已', '不見', '你', '都', '已', '不見', '我', '無', '從', '找', '起愛過', '你', '的', '理由', '預設', '的', '美好', '卻成', '失', '蹤', '人口', '更', '多', '更', '詳盡', '歌詞', ' ', '在', ' ', '※', ' ', 'Mojim', '.', 'com', '\u3000', '魔鏡', '歌', '詞網', ' ', '你', '沉默', '往', '黑夜', '逃走', ' ', '懦弱', '過了', '頭逆轉', '的', '時鐘', '蒸發', '你', '的', '下落', '我', '無', '從', '找', '起愛過', '你', '的', '理由', '停格', '畫面', '零碎', '成記憶', '煙火', '盛放', '了', '夏', '夜空', ' ', '燃燒', ' ', '然後墜', '落餘燼', '再', '沒', '有', '你', '一絲', '挽留', '也', '沒', '有', '我', '強求', '我', '已', '想不起', '你', '的', '表情', ' ', '在', '你', '走', '的', '時候', '是', '掙扎得', '難以', '形容', '還是', '輕', '易得', '無地', '自容']"
平衡木,['平衡木']
作詞：邱建豪作曲：邱建豪時光暫停 當你緩緩走近深邃的微笑是精靈的邀請屏住呼吸 我們小心翼翼擺放天平上完美劑量的濃郁我不是太擅長不著邊際的遊戲卻因你沉溺更多更詳盡歌詞 在 ※ Mojim.com　魔鏡歌詞網 平衡木上的愛情你左搖我右晃暈眩的香氣往後一步曖昧卻和諧的距離往前一步心就貼緊平衡木上我和你來回時而欲墜幸運總時而降臨我的膽小透明 乘著你溫柔勇氣一躍 安全降落愛情,"['作詞', '：', '邱建豪', '作曲', '：', '邱建豪', '時光', '暫停', ' ', '當你', '緩緩', '走近', '深邃', '的', '微笑', '是', '精靈', '的', '邀', '請', '屏住', '呼吸', ' ', '我們', '小心翼翼', '擺放', '天平', '上', '完美', '劑量', '的', '濃郁', '我', '不是', '太', '擅長', '不著', '邊際', '的', '遊戲', '卻', '因', '你', '沉溺', '更', '多', '更', '詳盡', '歌詞', ' ', '在', ' ', '※', ' ', 'Mojim', '.', 'com', '\u3000', '魔鏡', '歌', '詞網', ' ', '平衡木', '上', '的', '愛情', '你', '左搖', '我', '右晃暈', '眩', '的', '香氣', '往', '後', '一步', '曖昧', '卻', '和諧', '的', '距離', '往前', '一步', '心', '就', '貼', '緊', '平衡木', '上', '我', '和', '你', '來', '回時', '而', '欲', '墜', '幸運', '總時', '而', '降臨', '我', '的', '膽小', '透明', ' ', '乘著', '你', '溫柔', '勇氣', '一躍', ' ', '安全', '降落', '愛情']"
Dear Star,"['Dear', ' ', 'Star']"
"作詞：邱建豪作曲：盧可沛編曲：盧可沛Hey, my dear star喜歡看你笑容模樣有些話 不必用言語表達一個微笑就是最好解答Hey, my dear star有時候也許感到徬徨我知道 花花世界太複雜我願意陪著你一起去闖親愛的你你是道獨一無二的星光你無聲領航 愛的方向我因你學會驕傲堅強親愛的你更多更詳盡歌詞 在 ※ Mojim.com　魔鏡歌詞網 我要給你一個大大的擁抱黑夜過去 總會破曉讓我牽著你翱翔 每一刻寬廣Hey, my dear star喜歡看你笑容模樣我知道 花花世界太複雜我願意陪著你一起去闖親愛的你你是道獨一無二的星光無聲領航 愛的方向我為你感到驕傲堅強親愛的你我要給你一個大大的擁抱黑夜過去 總會破曉讓我牽著你翱翔 每一刻","['作詞', '：', '邱建豪', '作曲', '：', '盧可沛', '編曲', '：', '盧可沛', 'Hey', ',', ' ', 'my', ' ', 'dear', ' ', 'star', '喜歡', '看', '你', '笑容', '模樣', '有些', '話', ' ', '不必', '用言語', '表達', '一個', '微笑', '就是', '最好', '解答', 'Hey', ',', ' ', 'my', ' ', 'dear', ' ', 'star', '有', '時候', '也許', '感到', '徬徨', '我', '知道', ' ', '花花世界', '太', '複', '雜我', '願意', '陪', '著', '你', '一起', '去', '闖親', '愛的', '你', '你', '是', '道', '獨一無二', '的', '星光', '你', '無聲', '領航', ' ', '愛的', '方向', '我', '因', '你', '學會', '驕傲', '堅強', '親愛的', '你', '更', '多', '更', '詳盡', '歌詞', ' ', '在', ' ', '※', ' ', 'Mojim', '.', 'com', '\u3000', '魔鏡', '歌', '詞網', ' ', '我', '要給', '你', '一個', '大大的', '擁抱', '黑夜', '過去', ' ', '總會', '破曉讓', '我', '牽著', '你', '翱翔', ' ', '每一刻', '寬廣', 'Hey', ',', ' ', 'my', ' ', 'dear', ' ', 'star', '喜歡', '看', '你', '笑容', '模樣', '我', '知道', ' ', '花花世界', '太', '複', '雜我', '願意', '陪', '著', '你', '一起', '去', '闖親', '愛的', '你', '你', '是', '道', '獨一無二', '的', '星光', '無聲', '領航', ' ', '愛的', '方向', '我', '為', '你', '感到', '驕傲', '堅強', '親愛的', '你', '我', '要給', '你', '一個', '大大的', '擁抱', '黑夜', '過去', ' ', '總會', '破曉讓', '我', '牽著', '你', '翱翔', ' ', '每一刻']"
滯留鋒,['滯留鋒']
作詞：邱建豪作曲：邱建豪一連下了好幾天的雨月光照著你濕透的身影雨滴一點一滴 眼淚一點一滴沖走了你微笑的表情一連下了好幾星期的雨發霉的房間裡 開出一片寬廣森林你在樹下休息 偶爾翻閱些回憶偶爾只靜靜等待著雨停讓我陪著你在這雨中旅行有時壞天氣沒有什麼原因生命 總要人一再地練習練習勇敢 練習把疼痛忘記我會陪著你在這雨中旅行直到微笑再次變得容易我還會 在季風睡去的夜晚更多更詳盡歌詞 在 ※ Mojim.com　魔鏡歌詞網 夢見你說 明天就要放晴一連下了好幾個月的雨麻木的心就像 摔落泥濘的紙飛機雨為什麼不停 天空沒有回應你不再哭 學著相信自己讓我陪著你在這雨中旅行有時壞天氣沒有什麼原因生命 總要人一再地練習練習勇敢 練習把疼痛忘記我會陪著你在這雨中旅行直到微笑再次變得容易我還會 在季風睡去的夜晚夢見你說 明天就要放晴[00:00.00]理想混蛋[00:10.00]滯留鋒[00:15.00]作詞：邱建豪[00:18.00]作曲：邱建豪[00:20.00][00:22.00]一連下了好幾天的雨[00:35.90]月光照著你濕透的身影[00:48.80]雨滴一點一滴 眼淚一點一滴[00:56.00]沖走了你微笑的表情[01:10.00][01:16.50]一連下了好幾星期的雨[01:29.90]發霉的房間裡 開出一片寬廣森林[01:42.50]你在樹下休息 偶爾翻閱些回憶[01:49.90]偶爾只靜靜等待著雨停[01:55.00][02:00.00]讓我陪著你在這雨中旅行[02:07.90]有時壞天氣沒有什麼原因[02:14.90]生命 總要人一再地練習[02:20.00]練習勇敢 練習把疼痛忘記[02:27.00][02:29.10]我會陪著你在這雨中旅行[02:36.50]直到微笑再次變得容易[02:43.00]我還會 在季風睡去的夜晚[02:49.00]夢見你說 明天就要放晴[03:10.00][03:12.00]一連下了好幾個月的雨[03:25.50]麻木的心就像 摔落泥濘的紙飛機[03:38.10]雨為什麼不停 天空沒有回應[03:45.00]你不再哭 學著相信自己[03:54.00][03:56.00]讓我陪著你在這雨中旅行[04:03.50]有時壞天氣沒有什麼原因[04:10.30]生命 總要人一再地練習[04:15.80]練習勇敢 練習把疼痛忘記[04:23.00][04:25.00]我會陪著你在這雨中旅行[04:32.00]直到微笑再次變得容易[04:38.90]我還會 在季風睡去的夜晚[04:44.50]夢見你說 明天就要放晴[04:53.00] 感謝 楊羽  提供動態歌詞 感謝 雞丁  修正歌詞,"['作詞', '：', '邱建豪', '作曲', '：', '邱建豪', '一連下', '了', '好', '幾天', '的', '雨', '月', '光照', '著', '你', '濕透', '的', '身影', '雨滴', '一點', '一滴', ' ', '眼淚', '一點', '一滴', '沖', '走', '了', '你', '微笑', '的', '表情', '一連下', '了', '好', '幾', '星期', '的', '雨', '發霉', '的', '房間裡', ' ', '開出', '一片', '寬廣', '森林', '你', '在', '樹下', '休息', ' ', '偶爾翻', '閱些', '回憶', '偶爾', '只靜靜', '等待', '著雨', '停', '讓', '我', '陪', '著', '你', '在', '這雨中', '旅行', '有', '時壞', '天氣', '沒有', '什麼', '原因', '生命', ' ', '總要', '人', '一再', '地練', '習練習', '勇敢', ' ', '練習', '把', '疼痛', '忘記', '我會', '陪', '著', '你', '在', '這雨中', '旅行', '直到', '微笑', '再次', '變得', '容易', '我', '還會', ' ', '在', '季風', '睡', '去', '的', '夜晚', '更', '多', '更', '詳盡', '歌詞', ' ', '在', ' ', '※', ' ', 'Mojim', '.', 'com', '\u3000', '魔鏡', '歌', '詞網', ' ', '夢見', '你', '說', ' ', '明天', '就要', '放晴', '一連下', '了', '好', '幾個', '月', '的', '雨', '麻木', '的', '心', '就', '像', ' ', '摔落', '泥濘', '的', '紙飛', '機雨為', '什麼', '不停', ' ', '天空', '沒有', '回應', '你', '不再', '哭', ' ', '學著', '相信', '自己', '讓', '我', '陪', '著', '你', '在', '這雨中', '旅行', '有', '時壞', '天氣', '沒有', '什麼', '原因', '生命', ' ', '總要', '人', '一再', '地練', '習練習', '勇敢', ' ', '練習', '把', '疼痛', '忘記', '我會', '陪', '著', '你', '在', '這雨中', '旅行', '直到', '微笑', '再次', '變得', '容易', '我', '還會', ' ', '在', '季風', '睡', '去', '的', '夜晚', '夢見', '你', '說', ' ', '明天', '就要', '放晴', '[', '00', ':', '00.00', ']', '理想', '混蛋', '[', '00', ':', '10.00', ']', '滯留鋒', '[', '00', ':', '15.00', ']', '作詞', '：', '邱建豪', '[', '00', ':', '18.00', ']', '作曲', '：', '邱建豪', '[', '00', ':', '20.00', ']', '[', '00', ':', '22.00', ']', '一連下', '了', '好', '幾天', '的', '雨', '[', '00', ':', '35.90', ']', '月', '光照', '著', '你', '濕透', '的', '身影', '[', '00', ':', '48.80', ']', '雨滴', '一點', '一滴', ' ', '眼淚', '一點', '一滴', '[', '00', ':', '56.00', ']', '沖', '走', '了', '你', '微笑', '的', '表情', '[', '01', ':', '10.00', ']', '[', '01', ':', '16.50', ']', '一連下', '了', '好', '幾', '星期', '的', '雨', '[', '01', ':', '29.90', ']', '發霉', '的', '房間裡', ' ', '開出', '一片', '寬廣', '森林', '[', '01', ':', '42.50', ']', '你', '在', '樹下', '休息', ' ', '偶爾翻', '閱些', '回憶', '[', '01', ':', '49.90', ']', '偶爾', '只靜靜', '等待', '著雨停', '[', '01', ':', '55.00', ']', '[', '02', ':', '00.00', ']', '讓', '我', '陪', '著', '你', '在', '這雨中', '旅行', '[', '02', ':', '07.90', ']', '有', '時壞', '天氣', '沒有', '什麼', '原因', '[', '02', ':', '14.90', ']', '生命', ' ', '總要', '人', '一再', '地練習', '[', '02', ':', '20.00', ']', '練習', '勇敢', ' ', '練習', '把', '疼痛', '忘記', '[', '02', ':', '27.00', ']', '[', '02', ':', '29.10', ']', '我會', '陪', '著', '你', '在', '這雨中', '旅行', '[', '02', ':', '36.50', ']', '直到', '微笑', '再次', '變得', '容易', '[', '02', ':', '43.00', ']', '我', '還會', ' ', '在', '季風', '睡', '去', '的', '夜晚', '[', '02', ':', '49.00', ']', '夢見', '你', '說', ' ', '明天', '就要', '放晴', '[', '03', ':', '10.00', ']', '[', '03', ':', '12.00', ']', '一連下', '了', '好', '幾個', '月', '的', '雨', '[', '03', ':', '25.50', ']', '麻木', '的', '心', '就', '像', ' ', '摔落', '泥濘', '的', '紙飛機', '[', '03', ':', '38.10', ']', '雨為', '什麼', '不停', ' ', '天空', '沒有', '回應', '[', '03', ':', '45.00', ']', '你', '不再', '哭', ' ', '學著', '相信', '自己', '[', '03', ':', '54.00', ']', '[', '03', ':', '56.00', ']', '讓', '我', '陪', '著', '你', '在', '這雨中', '旅行', '[', '04', ':', '03.50', ']', '有', '時壞', '天氣', '沒有', '什麼', '原因', '[', '04', ':', '10.30', ']', '生命', ' ', '總要', '人', '一再', '地練習', '[', '04', ':', '15.80', ']', '練習', '勇敢', ' ', '練習', '把', '疼痛', '忘記', '[', '04', ':', '23.00', ']', '[', '04', ':', '25.00', ']', '我會', '陪', '著', '你', '在', '這雨中', '旅行', '[', '04', ':', '32.00', ']', '直到', '微笑', '再次', '變得', '容易', '[', '04', ':', '38.90', ']', '我', '還會', ' ', '在', '季風', '睡', '去', '的', '夜晚', '[', '04', ':', '44.50', ']', '夢見', '你', '說', ' ', '明天', '就要', '放晴', '[', '04', ':', '53.00', ']', ' ', '感謝', ' ', '楊羽', ' ', ' ', '提供', '動態', '歌詞', ' ', '感謝', ' ', '雞丁', ' ', ' ', '修正', '歌詞']"
天真世界的叛徒－天真版,"['天真', '世界', '的', '叛徒', '－', '天真', '版']"
作詞：邱建豪作曲：盧可沛我沒有忘記怎麼善良只是學會在相信之前多一點武裝我沒有忘記何謂互相只是習慣在擁抱之前多些觀察什麼是真的 什麼是假的什麼是對 什麼是錯長大後的我們 什麼都不知道了我是來自天真世界的一名叛徒誰會告訴我這是正確的路隱藏你的笑 你的哭喜怒哀樂讓人看不清楚那就對了 這就是大人必備的技術我是來自天真世界的一名叛徒勉強地融入 這謊言堆砌的國度掩飾每個錯 每個誤更多更詳盡歌詞 在 ※ Mojim.com　魔鏡歌詞網 試圖成為人群中最安全的眾數好不孤獨時間 你為何帶來成長時間 你為何帶來成長時間 你為何帶來成長又想狠狠帶走 最簡單的嚮往不想再做天真世界的一名叛徒若沒有了自己 還有什麼好在乎只想記住怎麼笑 怎麼哭讓每個夢每滴淚都銘心刻骨真的夠了 成人世界虛偽得讓我想吐不想再做天真世界的一名叛徒不願再接受 名為成熟的束縛時代再殘酷 再荒蕪這一刻我們終於踏上歸途不再辜負 與生俱來的自由天賦,"['作詞', '：', '邱建豪', '作曲', '：', '盧可沛', '我', '沒', '有', '忘記', '怎麼', '善良', '只是', '學會', '在', '相信', '之前', '多一點', '武裝', '我', '沒', '有', '忘', '記何謂', '互相', '只是', '習慣', '在', '擁抱', '之前', '多些', '觀察什麼', '是', '真的', ' ', '什麼', '是', '假', '的', '什麼', '是', '對', ' ', '什麼', '是', '錯長', '大', '後', '的', '我們', ' ', '什麼', '都', '不', '知道', '了', '我', '是', '來', '自', '天真', '世界', '的', '一名', '叛徒', '誰', '會', '告訴', '我', '這是', '正確', '的', '路', '隱藏', '你', '的', '笑', ' ', '你', '的', '哭', '喜怒', '哀樂', '讓', '人', '看不清楚', '那', '就', '對', '了', ' ', '這', '就是', '大人', '必備', '的', '技術', '我', '是', '來', '自', '天真', '世界', '的', '一名', '叛徒', '勉強', '地', '融入', ' ', '這謊', '言', '堆砌', '的', '國度', '掩飾', '每個', '錯', ' ', '每個誤', '更', '多', '更', '詳盡', '歌詞', ' ', '在', ' ', '※', ' ', 'Mojim', '.', 'com', '\u3000', '魔鏡', '歌', '詞網', ' ', '試圖', '成為', '人群', '中', '最', '安全', '的', '眾數', '好', '不', '孤獨', '時間', ' ', '你', '為', '何帶', '來', '成長', '時間', ' ', '你', '為', '何帶', '來', '成長', '時間', ' ', '你', '為', '何帶', '來', '成長', '又', '想', '狠狠', '帶', '走', ' ', '最', '簡單', '的', '嚮', '往', '不想', '再', '做', '天真', '世界', '的', '一名', '叛徒', '若', '沒', '有', '了', '自己', ' ', '還有', '什麼', '好', '在乎', '只想', '記住', '怎麼', '笑', ' ', '怎麼', '哭', '讓', '每個', '夢', '每滴', '淚', '都', '銘心', '刻骨', '真的', '夠了', ' ', '成人', '世界', '虛偽', '得', '讓', '我', '想', '吐', '不想', '再', '做', '天真', '世界', '的', '一名', '叛徒', '不願', '再', '接受', ' ', '名為', '成熟', '的', '束縛', '時代', '再', '殘酷', ' ', '再', '荒蕪', '這', '一刻', '我們終', '於', '踏上', '歸途', '不再', '辜負', ' ', '與', '生俱來', '的', '自由', '天賦']"
天真世界的叛徒－叛徒版,"['天真', '世界', '的', '叛徒', '－', '叛徒', '版']"
作詞：邱建豪作曲：盧可沛我沒有忘記怎麼善良只是學會在相信之前多一點武裝我沒有忘記何謂互相只是習慣在擁抱之前多些觀察什麼是真的 什麼是假的什麼是對 什麼是錯長大後的我們 什麼都不知道了我是來自天真世界的一名叛徒誰會告訴我這是正確的路隱藏你的笑 你的哭喜怒哀樂讓人看不清楚那就對了 這就是大人必備的技術我是來自天真世界的一名叛徒勉強地融入 這謊言堆砌的國度掩飾每個錯 每個誤試圖成為人群中最安全的眾數好不孤獨什麼是真的 什麼是假的什麼是對 什麼是錯長大後的我們 什麼都不知道了更多更詳盡歌詞 在 ※ Mojim.com　魔鏡歌詞網 我是來自天真世界的一名叛徒誰會告訴我這是正確的路隱藏你的笑 你的哭喜怒哀樂讓人看不清楚那就對了 這就是大人必備的技術我是來自天真世界的一名叛徒勉強地融入 這謊言堆砌的國度掩飾每個錯 每個誤試圖成為人群中最安全的眾數好不孤獨時間 你為何帶來成長又想狠狠帶走 最簡單的嚮往不想再做天真世界的一名叛徒若沒有了自己 還有什麼好在乎只想記住怎麼笑 怎麼哭讓每個夢每滴淚都銘心刻骨真的夠了 成人世界虛偽得讓我想吐不想再做天真世界的一名叛徒不願再接受 名為成熟的束縛時代再殘酷 再荒蕪這一刻我們終於踏上歸途不再辜負 與生俱來的自由天賦,"['作詞', '：', '邱建豪', '作曲', '：', '盧可沛', '我', '沒', '有', '忘記', '怎麼', '善良', '只是', '學會', '在', '相信', '之前', '多一點', '武裝', '我', '沒', '有', '忘', '記何謂', '互相', '只是', '習慣', '在', '擁抱', '之前', '多些', '觀察什麼', '是', '真的', ' ', '什麼', '是', '假', '的', '什麼', '是', '對', ' ', '什麼', '是', '錯長', '大', '後', '的', '我們', ' ', '什麼', '都', '不', '知道', '了', '我', '是', '來', '自', '天真', '世界', '的', '一名', '叛徒', '誰', '會', '告訴', '我', '這是', '正確', '的', '路', '隱藏', '你', '的', '笑', ' ', '你', '的', '哭', '喜怒', '哀樂', '讓', '人', '看不清楚', '那', '就', '對', '了', ' ', '這', '就是', '大人', '必備', '的', '技術', '我', '是', '來', '自', '天真', '世界', '的', '一名', '叛徒', '勉強', '地', '融入', ' ', '這謊', '言', '堆砌', '的', '國度', '掩飾', '每個', '錯', ' ', '每個', '誤試', '圖成', '為', '人群', '中', '最', '安全', '的', '眾數', '好', '不', '孤', '獨什麼', '是', '真的', ' ', '什麼', '是', '假', '的', '什麼', '是', '對', ' ', '什麼', '是', '錯長', '大', '後', '的', '我們', ' ', '什麼', '都', '不', '知道', '了', '更', '多', '更', '詳盡', '歌詞', ' ', '在', ' ', '※', ' ', 'Mojim', '.', 'com', '\u3000', '魔鏡', '歌', '詞網', ' ', '我', '是', '來', '自', '天真', '世界', '的', '一名', '叛徒', '誰', '會', '告訴', '我', '這是', '正確', '的', '路', '隱藏', '你', '的', '笑', ' ', '你', '的', '哭', '喜怒', '哀樂', '讓', '人', '看不清楚', '那', '就', '對', '了', ' ', '這', '就是', '大人', '必備', '的', '技術', '我', '是', '來', '自', '天真', '世界', '的', '一名', '叛徒', '勉強', '地', '融入', ' ', '這謊', '言', '堆砌', '的', '國度', '掩飾', '每個', '錯', ' ', '每個', '誤試', '圖成', '為', '人群', '中', '最', '安全', '的', '眾數', '好', '不', '孤獨', '時間', ' ', '你', '為', '何帶', '來', '成長', '又', '想', '狠狠', '帶', '走', ' ', '最', '簡單', '的', '嚮', '往', '不想', '再', '做', '天真', '世界', '的', '一名', '叛徒', '若', '沒', '有', '了', '自己', ' ', '還有', '什麼', '好', '在乎', '只想', '記住', '怎麼', '笑', ' ', '怎麼', '哭', '讓', '每個', '夢', '每滴', '淚', '都', '銘心', '刻骨', '真的', '夠了', ' ', '成人', '世界', '虛偽', '得', '讓', '我', '想', '吐', '不想', '再', '做', '天真', '世界', '的', '一名', '叛徒', '不願', '再', '接受', ' ', '名為', '成熟', '的', '束縛', '時代', '再', '殘酷', ' ', '再', '荒蕪', '這', '一刻', '我們終', '於', '踏上', '歸途', '不再', '辜負', ' ', '與', '生俱來', '的', '自由', '天賦']"
絕地花園,"['絕地', '花園']"
feat. 廖文強作詞：邱建豪、郭哲成作曲：邱建豪、郭哲成你孤獨地冒險 任由寂寞氣味瀰漫盤旋你說你不怕黑 已習慣夜色相陪遊走城市邊界 遍尋不著一個擁抱 溫柔以對努力勉強的笑臉 越傷痕累累再勇敢一點 潰堤的淚水 不代表妥協別讓自卑淹沒 你所有的視線倔強跨越那些不完美再坦然一些 白晝或黑夜 都值得紀念去細數故事裡 無論甜美心碎傷口也能開出燦爛的玫瑰誰再一次否決 再一次用謊言掩蓋歧見不安於世的罪 是驕傲的註解更多更詳盡歌詞 在 ※ Mojim.com　魔鏡歌詞網 從現在起拒絕 一張張偽善臉孔 全都被打碎迷霧散去的原野將風光明媚再勇敢一點 潰堤的淚水 不代表妥協別讓自卑淹沒 你所有的視線倔強跨越那些不完美再坦然一些 白晝或黑夜 都值得紀念去細數故事裡 無論甜美心碎傷口也能開出燦爛的玫瑰我喜歡你無畏的雙眼再勇敢一點 潰堤的淚水宣言了明天曾劇烈的疼痛都會蛻變我們不完美 所以完美再坦然一些 白晝或黑夜都值得紀念去珍惜故事裡 所有甜美心碎傷口已然開出燦爛的玫瑰,"['feat', '.', ' ', '廖文強', '作詞', '：', '邱建豪', '、', '郭哲成', '作曲', '：', '邱建豪', '、', '郭哲成', '你', '孤', '獨地', '冒險', ' ', '任由', '寂寞', '氣味', '瀰', '漫盤', '旋', '你', '說', '你', '不怕', '黑', ' ', '已習慣', '夜色', '相陪', '遊走', '城市', '邊界', ' ', '遍', '尋不著', '一個', '擁抱', ' ', '溫柔', '以', '對', '努力', '勉強', '的', '笑', '臉', ' ', '越傷', '痕', '累累', '再', '勇敢', '一點', ' ', '潰堤', '的', '淚水', ' ', '不', '代表', '妥協別', '讓', '自卑', '淹', '沒', ' ', '你', '所有', '的', '視線', '倔強', '跨越', '那些', '不', '完美', '再', '坦然', '一些', ' ', '白晝', '或', '黑夜', ' ', '都', '值得', '紀念', '去', '細數', '故事', '裡', ' ', '無論', '甜美', '心碎', '傷口', '也', '能', '開出', '燦爛', '的', '玫瑰', '誰', '再', '一次', '否決', ' ', '再', '一次', '用', '謊言', '掩蓋', '歧見', '不安', '於', '世', '的', '罪', ' ', '是', '驕傲', '的', '註', '解', '更', '多', '更', '詳', '盡', '歌', '詞', ' ', '在', ' ', '※', ' ', 'Mojim', '.', 'com', '\u3000', '魔鏡', '歌', '詞網', ' ', '從現', '在', '起', '拒絕', ' ', '一張', '張偽善', '臉孔', ' ', '全都', '被', '打碎', '迷霧', '散', '去', '的', '原野', '將風光', '明媚', '再', '勇敢', '一點', ' ', '潰堤', '的', '淚水', ' ', '不', '代表', '妥協別', '讓', '自卑', '淹', '沒', ' ', '你', '所有', '的', '視線', '倔強', '跨越', '那些', '不', '完美', '再', '坦然', '一些', ' ', '白晝', '或', '黑夜', ' ', '都', '值得', '紀念', '去', '細數', '故事', '裡', ' ', '無論', '甜美', '心碎', '傷口', '也', '能', '開出', '燦爛', '的', '玫瑰', '我', '喜歡', '你', '無畏', '的', '雙眼', '再', '勇敢', '一點', ' ', '潰堤', '的', '淚水', '宣言', '了', '明天', '曾劇烈', '的', '疼痛', '都', '會', '蛻變', '我們', '不', '完美', ' ', '所以', '完美', '再', '坦然', '一些', ' ', '白晝', '或', '黑夜', '都', '值得', '紀念', '去', '珍惜', '故事', '裡', ' ', '所有', '甜美', '心碎', '傷口', '已然', '開出', '燦爛', '的', '玫瑰']"
撲火的蝶,"['撲火', '的', '蝶']"
作詞：邱建豪作曲：盧可沛白日裡的螢火蟲照著鏡子看著自己認不得笑得再五光十色好不獨特空有對翅膀又如何溫室裡的玫瑰再鮮豔不過調色盤上一滴血演著孤芳自賞自艾自憐更多更詳盡歌詞 在 ※ Mojim.com　魔鏡歌詞網 再精彩不過是類似你的左邊右邊還不如當隻撲火的蝶他們都說你錯了 你不該撲火的沒什麼 不過是有點特別還不如當隻撲火的蝶自得其樂好過無人知曉的凋萎沒什麼 我就是有點特別沒什麼 我就是不想隨便地告別,"['作詞', '：', '邱建豪', '作曲', '：', '盧可沛', '白日', '裡的', '螢火蟲照', '著鏡子', '看著', '自己', '認', '不得', '笑', '得', '再', '五光十色', '好', '不', '獨特空', '有', '對', '翅膀', '又', '如何', '溫室裡', '的', '玫瑰', '再鮮', '豔', '不過', '調色盤', '上', '一滴', '血演', '著', '孤芳', '自賞', '自艾', '自憐', '更', '多', '更', '詳盡', '歌詞', ' ', '在', ' ', '※', ' ', 'Mojim', '.', 'com', '\u3000', '魔鏡', '歌', '詞網', ' ', '再', '精彩', '不過', '是', '類似', '你', '的', '左邊', '右', '邊還', '不如', '當', '隻', '撲', '火', '的', '蝶', '他們', '都', '說', '你', '錯', '了', ' ', '你', '不', '該', '撲', '火', '的', '沒什麼', ' ', '不過', '是', '有點', '特別還', '不如', '當', '隻', '撲', '火', '的', '蝶', '自得', '其樂好', '過無人', '知曉', '的', '凋萎', '沒什麼', ' ', '我', '就是', '有點', '特別', '沒什麼', ' ', '我', '就是', '不想', '隨便', '地', '告別']"
愚者,['愚者']
作詞：邱建豪作曲：李建廷、盧可沛、邱建豪旅行的起點不需要形狀只要心已經開始流浪他背起行囊 裝進天真理想手中的地圖沒標示方向只有與生俱來的渴望沒想過投降 混蛋一樣地闖更多更詳盡歌詞 在 ※ Mojim.com　魔鏡歌詞網 受了傷還不停下 人們笑愚者多傻但不在乎終點模樣 才能開始得漂亮在每一個今天的笑容中醒來跨過昨日眼淚匯集的港灣傻裡傻氣地在 每一個今天的夢想中醒來放手所有過去未來 只擁抱此刻的燦爛,"['作詞', '：', '邱建豪', '作曲', '：', '李建廷', '、', '盧可沛', '、', '邱建豪', '旅行', '的', '起點', '不', '需要', '形狀', '只要', '心已', '經開始', '流浪', '他', '背起', '行囊', ' ', '裝進', '天真', '理想', '手中', '的', '地圖', '沒', '標示', '方向', '只有', '與', '生俱來', '的', '渴望', '沒想過', '投降', ' ', '混蛋', '一樣', '地', '闖', '更', '多', '更', '詳盡', '歌詞', ' ', '在', ' ', '※', ' ', 'Mojim', '.', 'com', '\u3000', '魔鏡', '歌', '詞網', ' ', '受', '了', '傷還', '不停', '下', ' ', '人們', '笑', '愚者', '多', '傻', '但', '不在乎', '終點', '模樣', ' ', '才能', '開', '始得', '漂亮', '在', '每', '一個', '今天', '的', '笑容', '中醒', '來', '跨過', '昨日', '眼淚', '匯集', '的', '港灣', '傻裡', '傻氣', '地', '在', ' ', '每一個', '今天', '的', '夢', '想', '中醒', '來', '放手', '所有', '過去', '未來', ' ', '只', '擁抱', '此刻', '的', '燦爛']"
行星(Galaxy Ver.),"['行星', '(', 'Galaxy', ' ', 'Ver', '.', ')']"
作詞：邱建豪作曲：邱建豪、郭哲成沒有行李 沒有目的 一個人旅行在無邊黑暗裡 直到耗盡勇氣卻無人回應忘記了呼吸 直到誰的溫熱把我喚醒指引卻無法觸及那絕對的距離 投射光芒的你我獨自盤旋在看得見你的軌道仰望著你一圈再一圈的圍繞我不能靠近 卻也不願遠離習慣在你影子裡遊戲我的孤寂你成為了定律我放棄了時間更多更詳盡歌詞 在 ※ Mojim.com　魔鏡歌詞網 轉過了一天過了一季過一年你一如往常發著光 而我就這樣安靜地被遺忘我沉睡時幻想 你就在我身旁清醒卻發現 你仍然遠方你聽見了嗎 我在這裡歌唱一個人一個星球等待你一個回答也許有天時間把願望都埋葬只留下我為你踱步的殘響你一如往常發著光 而我就這樣安靜地被遺忘滿足地被遺忘幸福的被遺忘,"['作詞', '：', '邱建豪', '作曲', '：', '邱建豪', '、', '郭哲成', '沒有', '行李', ' ', '沒有', '目的', ' ', '一個', '人', '旅行', '在', '無邊', '黑暗', '裡', ' ', '直到', '耗盡', '勇氣', '卻', '無人', '回應', '忘記', '了', '呼吸', ' ', '直到', '誰', '的', '溫熱', '把', '我', '喚醒', '指引', '卻', '無法觸', '及', '那絕', '對', '的', '距離', ' ', '投射', '光芒', '的', '你', '我', '獨自盤', '旋', '在', '看', '得', '見', '你', '的', '軌道', '仰望', '著', '你', '一圈', '再', '一圈', '的', '圍繞', '我', '不能', '靠近', ' ', '卻', '也', '不願', '遠離', '習慣', '在', '你', '影子', '裡遊戲', '我', '的', '孤寂', '你', '成為', '了', '定律', '我放棄', '了', '時間', '更', '多', '更', '詳盡', '歌詞', ' ', '在', ' ', '※', ' ', 'Mojim', '.', 'com', '\u3000', '魔鏡', '歌', '詞網', ' ', '轉過', '了', '一天', '過了', '一季', '過', '一年', '你', '一如', '往常', '發著光', ' ', '而', '我', '就', '這樣', '安靜', '地被', '遺', '忘我', '沉睡', '時', '幻想', ' ', '你', '就', '在', '我', '身旁', '清醒', '卻', '發現', ' ', '你', '仍然', '遠方', '你', '聽', '見', '了', '嗎', ' ', '我', '在', '這裡', '歌唱', '一個', '人', '一個', '星球', '等待', '你', '一個', '回答', '也', '許有', '天時間', '把', '願望', '都', '埋葬', '只', '留下', '我', '為', '你', '踱步', '的', '殘響', '你', '一如', '往常', '發著光', ' ', '而', '我', '就', '這樣', '安靜', '地被', '遺忘', '滿足', '地被', '遺忘', '幸福', '的', '被', '遺忘']"
騎士墜鬼馬,"['騎士', '墜', '鬼', '馬']"
作詞：邱建豪作曲：邱建豪二十八號 下午六點 尷尬的硬幣在口袋裡憋撕掉了又一頁日曆 蓋上又一碗泡麵破吉他在一邊 鑲的珠貝像從前耀眼它從沒改變 從沒改變作文紙上 我的志願 什麼時候變成樁天大謊言夢有保存期限 生活不能刷卡就只能付現能不再給我幾天 也許就一首歌的時間和我同病相憐 同病相憐騎士墜鬼馬 你要帶我飛向何方海市蜃樓還是香格里拉時間的籌碼 全梭了太不像話世界別讓我看著自己的靈魂死亡更多更詳盡歌詞 在 ※ Mojim.com　魔鏡歌詞網 誰還記得從前從前好結局的童話上演不上演真心話大冒險 真心沒了硬著頭皮大冒險讓我再許一個願 許他們白頭偕老不分別時代的冷屁股 和我的熱臉希望失望 盼望絕望相同的程式碼 複製相同的傻瓜傻瓜不傻 傻瓜很棒在絕望裡記得最初的希望騎士墜鬼馬 不管你飛向什麼鬼地方我都恣意放肆大聲歌唱時間的籌碼 全梭了那又怎麼樣最起碼不必看著自己的靈魂死亡,"['作詞', '：', '邱建豪', '作曲', '：', '邱建豪', '二十八', '號', ' ', '下午', '六點', ' ', '尷尬', '的', '硬幣', '在', '口袋', '裡', '憋', '撕掉', '了', '又', '一頁', '日', '曆', ' ', '蓋', '上', '又', '一碗', '泡', '麵', '破', '吉他', '在', '一邊', ' ', '鑲', '的', '珠貝像', '從', '前', '耀眼', '它', '從', '沒', '改變', ' ', '從', '沒', '改變', '作文', '紙上', ' ', '我', '的', '志願', ' ', '什麼', '時候', '變成', '樁', '天大', '謊言夢有', '保存', '期限', ' ', '生活', '不能', '刷卡', '就', '只能', '付現', '能', '不再', '給我', '幾天', ' ', '也許', '就', '一首歌', '的', '時間', '和', '我', '同病', '相憐', ' ', '同病', '相憐', '騎士', '墜', '鬼', '馬', ' ', '你', '要', '帶', '我', '飛向', '何方', '海市', '蜃樓', '還是', '香格里拉', '時間', '的', '籌碼', ' ', '全梭', '了', '太', '不', '像', '話', '世界', '別', '讓', '我', '看', '著', '自己', '的', '靈魂', '死亡', '更', '多', '更', '詳盡', '歌詞', ' ', '在', ' ', '※', ' ', 'Mojim', '.', 'com', '\u3000', '魔鏡', '歌', '詞網', ' ', '誰', '還記', '得', '從', '前', '從', '前', '好', '結局', '的', '童話', '上演', '不', '上演', '真心', '話', '大', '冒險', ' ', '真心', '沒', '了', '硬', '著頭', '皮大', '冒險', '讓', '我', '再', '許一個', '願', ' ', '許他們', '白頭', '偕老', '不分別', '時代', '的', '冷', '屁股', ' ', '和', '我', '的', '熱臉', '希望', '失望', ' ', '盼望', '絕望', '相同', '的', '程式', '碼', ' ', '複', '製', '相同', '的', '傻瓜', '傻瓜', '不', '傻', ' ', '傻瓜', '很棒', '在', '絕望裡', '記得', '最初', '的', '希望', '騎士', '墜', '鬼', '馬', ' ', '不管', '你', '飛向', '什麼', '鬼', '地方', '我', '都', '恣意', '放肆', '大聲', '歌唱', '時間', '的', '籌碼', ' ', '全梭', '了', '那', '又', '怎麼樣', '最', '起碼', '不必', '看著', '自己', '的', '靈魂', '死亡']"
你討厭也沒關係,"['你', '討厭', '也', '沒關', '係']"
作詞：邱建豪作曲：邱建豪我是怎麼了 又礙著你煩著你了莫名其妙的沒有來由的 又要對我發脾氣了你是怎麼了 不想再說對不起了沒做錯什麼可愛又認真 到底哪裡惹到你了吃了炸藥 就待在家好好休息如果更年期...... (你討厭我我更討厭你醜八怪)被你討厭也沒關係 反正我也不是生來討你開心我就要做自己 麻煩你滾一邊去你越討厭我越開心 被你這種人喜歡我才要擔心更多更詳盡歌詞 在 ※ Mojim.com　魔鏡歌詞網 我是不是和你 一樣頭殼有問題你現在就給我閉嘴 從今天起我再也不要再也不要逆來順受我要以牙還牙以眼還眼以毒攻毒一二三四五六七八賞你一巴掌 喔耶被你討厭也沒關係 反正我也不是生來討你開心我就要做自己 麻煩你滾一邊去我比你討厭我討厭你 被你這種人喜歡我才要擔心我是不是和你 一樣頭殼有問題 你的頭殼有問題我就是討厭你,"['作詞', '：', '邱建豪', '作曲', '：', '邱建豪', '我', '是', '怎麼', '了', ' ', '又礙', '著', '你', '煩著', '你', '了', '莫名其妙', '的', '沒', '有', '來', '由', '的', ' ', '又', '要', '對', '我', '發脾氣', '了', '你', '是', '怎麼', '了', ' ', '不想', '再', '說', '對', '不起', '了', '沒', '做', '錯什麼', '可愛又認', '真', ' ', '到底', '哪裡', '惹', '到', '你', '了', '吃', '了', '炸藥', ' ', '就', '待', '在家', '好好', '休息', '如果', '更年期', '......', ' ', '(', '你', '討厭', '我', '我', '更', '討厭', '你', '醜八怪', ')', '被', '你', '討厭', '也', '沒關', '係', ' ', '反正', '我', '也', '不是', '生來', '討', '你', '開心', '我', '就要', '做', '自己', ' ', '麻煩', '你', '滾', '一邊', '去', '你', '越', '討厭', '我', '越', '開心', ' ', '被', '你', '這種', '人', '喜歡', '我', '才', '要', '擔心', '更', '多', '更', '詳盡', '歌詞', ' ', '在', ' ', '※', ' ', 'Mojim', '.', 'com', '\u3000', '魔鏡', '歌', '詞網', ' ', '我', '是不是', '和', '你', ' ', '一樣', '頭殼', '有', '問題', '你', '現在', '就給', '我', '閉嘴', ' ', '從', '今天', '起', '我', '再也', '不要', '再也', '不要', '逆來', '順受', '我', '要', '以牙', '還牙', '以眼', '還眼', '以毒攻毒', '一二三四五', '六', '七八', '賞你', '一巴掌', ' ', '喔', '耶', '被', '你', '討厭', '也', '沒關', '係', ' ', '反正', '我', '也', '不是', '生來', '討', '你', '開心', '我', '就要', '做', '自己', ' ', '麻煩', '你', '滾', '一邊', '去', '我', '比', '你', '討厭', '我', '討厭', '你', ' ', '被', '你', '這種', '人', '喜歡', '我', '才', '要', '擔心', '我', '是不是', '和', '你', ' ', '一樣', '頭殼', '有', '問題', ' ', '你', '的', '頭殼', '有', '問題', '我', '就是', '討厭', '你']"
不能寂寞的人,"['不能', '寂寞', '的', '人']"
作詞：邱建豪作曲：盧可沛、邱建豪我們好像 都是那種不能寂寞的人不能一個人走在台北街頭的人霓虹燈造的夜色 鮮豔得很冰冷誰都無法取代你擁抱的體溫我們好像 都是那種不能寂寞的人不能沒說晚安就做好夢的人沉默的月亮看著 睡不著也醒不來的我 我們 需要彼此的我們再也不能寂寞了 自從愛介入我們也許時空暫時區隔 想念牽引著每個時刻再也不會寂寞了 好的未來就要來了相信著美好 它正在發生更多更詳盡歌詞 在 ※ Mojim.com　魔鏡歌詞網 再也不會寂寞了我們好像 都是那種不能寂寞的人不能獨自在咖啡廳等待日落的人一杯全糖的溫熱 卻還是苦澀只是因為 一個人少了一個人我在沒有你的城市 追逐著你的影子傻傻期待 每一個你光臨的日子愛著你 我成了不能寂寞的人再也無法習慣一個人兩人的美好 總會到達的只要我們深愛著,"['作詞', '：', '邱建豪', '作曲', '：', '盧可沛', '、', '邱建豪', '我們', '好像', ' ', '都', '是', '那種', '不能', '寂寞', '的', '人', '不能', '一個', '人', '走', '在', '台北', '街頭', '的', '人', '霓虹', '燈造', '的', '夜色', ' ', '鮮', '豔', '得', '很', '冰冷', '誰', '都', '無法', '取代', '你', '擁抱', '的', '體溫', '我們', '好像', ' ', '都', '是', '那種', '不能', '寂寞', '的', '人', '不能', '沒說', '晚安', '就', '做好', '夢', '的', '人', '沉默', '的', '月亮', '看著', ' ', '睡不著', '也', '醒', '不來', '的', '我', ' ', '我們', ' ', '需要', '彼此', '的', '我們', '再也不能', '寂寞', '了', ' ', '自從', '愛', '介入', '我們', '也', '許時', '空暫', '時區', '隔', ' ', '想念', '牽引著', '每個', '時刻', '再也', '不會', '寂寞', '了', ' ', '好', '的', '未來', '就要', '來', '了', '相信', '著', '美好', ' ', '它', '正在', '發生', '更', '多', '更', '詳盡', '歌詞', ' ', '在', ' ', '※', ' ', 'Mojim', '.', 'com', '\u3000', '魔鏡', '歌', '詞網', ' ', '再也', '不會', '寂寞', '了', '我們', '好像', ' ', '都', '是', '那種', '不能', '寂寞', '的', '人', '不能', '獨自', '在', '咖啡', '廳', '等待', '日落', '的', '人', '一杯', '全糖', '的', '溫熱', ' ', '卻', '還是', '苦澀', '只是', '因為', ' ', '一個', '人少', '了', '一個', '人', '我', '在', '沒', '有', '你', '的', '城市', ' ', '追逐', '著', '你', '的', '影子', '傻傻', '期待', ' ', '每一個', '你', '光臨', '的', '日子', '愛著', '你', ' ', '我成', '了', '不能', '寂寞', '的', '人', '再也', '無法', '習慣', '一個', '人', '兩人', '的', '美好', ' ', '總會', '到', '達', '的', '只要', '我們', '深愛著']"
我是你的Bling Bling,"['我', '是', '你', '的', 'Bling', ' ', 'Bling']"
"演唱：盧可沛作詞：盧可沛作曲：盧可沛我是你的Bling Bling沒什麼道理 只想做你新男傭再告訴你個秘密少了你擁有世界也不算什麼So baby just go chilling with my bodyLet music be amazing現在只想你聽我說讓我成為你的Bling BlingBe my girl, cuz I love u and u know know know又比鬧鐘早起 又不想梳妝整理該不該穿個襯衫 頭髮點兒彎彎太矮再配個Martin每天都是我的主場秀 為你精心準備我的主場秀拿著麥克風 我跟我自己說沒有觀眾也給你看個脫口秀你不懂070802 藏著多少秘密排列組合何不就你聽我唱如何 跟著旋律定義這個時刻I say wait, give me one more secondMe and Bestards wanna kill it on the stage更多更詳盡歌詞 在 ※ Mojim.com　魔鏡歌詞網 Hey 別急著先哽咽 面紙擦眼淚讓我為你再唱一首歌 這專屬於你春天的綠葉 夏天的海 或是秋天的氣味 冬天的暖In my eyes, getting closer我們就這樣靠近 然後轉角愛相遇請你不要怕安靜 因為有多少顆的行星 繞著你轉多了溫暖也多了負擔錯過了多少次的回憶 留在雲端是個理想也是個混蛋一個人寂寞落魄 只剩囉嗦 開始做作你卻在那幸災樂禍不說你也不懂 不必驚恐 只是作秀It's not a big deal這是定律也是我們命中注定1.5億公里距離 說不遠也不近你是我的陽光和水 我所需要的氧氣The most beautiful planet is what I gave you a gift","['演唱', '：', '盧可沛', '作詞', '：', '盧可沛', '作曲', '：', '盧可沛', '我', '是', '你', '的', 'Bling', ' ', 'Bling', '沒什麼', '道理', ' ', '只想', '做', '你', '新', '男傭', '再', '告訴', '你', '個', '秘密', '少', '了', '你', '擁有', '世界', '也', '不算', '什麼', 'So', ' ', 'baby', ' ', 'just', ' ', 'go', ' ', 'chilling', ' ', 'with', ' ', 'my', ' ', 'bodyLet', ' ', 'music', ' ', 'be', ' ', 'amazing', '現在', '只', '想', '你', '聽', '我', '說', '讓', '我', '成為', '你', '的', 'Bling', ' ', 'BlingBe', ' ', 'my', ' ', 'girl', ',', ' ', 'cuz', ' ', 'I', ' ', 'love', ' ', 'u', ' ', 'and', ' ', 'u', ' ', 'know', ' ', 'know', ' ', 'know', '又', '比鬧鐘', '早起', ' ', '又', '不想', '梳妝', '整理', '該', '不該', '穿個', '襯衫', ' ', '頭', '髮', '點兒', '彎', '彎', '太矮', '再配', '個', 'Martin', '每天', '都', '是', '我', '的', '主場秀', ' ', '為', '你', '精心', '準備', '我', '的', '主場秀', '拿', '著', '麥克風', ' ', '我', '跟', '我', '自己', '說', '沒', '有', '觀眾', '也給', '你', '看個', '脫口秀', '你', '不', '懂', '070802', ' ', '藏著', '多少', '秘密', '排列', '組合', '何不', '就', '你', '聽', '我', '唱', '如何', ' ', '跟', '著', '旋律', '定義這個', '時刻', 'I', ' ', 'say', ' ', 'wait', ',', ' ', 'give', ' ', 'me', ' ', 'one', ' ', 'more', ' ', 'secondMe', ' ', 'and', ' ', 'Bestards', ' ', 'wanna', ' ', 'kill', ' ', 'it', ' ', 'on', ' ', 'the', ' ', 'stage', '更', '多', '更', '詳盡', '歌詞', ' ', '在', ' ', '※', ' ', 'Mojim', '.', 'com', '\u3000', '魔鏡', '歌', '詞網', ' ', 'Hey', ' ', '別急', '著先', '哽咽', ' ', '面紙', '擦', '眼淚', '讓', '我', '為', '你', '再', '唱', '一首歌', ' ', '這專屬', '於', '你', '春天', '的', '綠葉', ' ', '夏天', '的', '海', ' ', '或是', '秋天', '的', '氣味', ' ', '冬天', '的', '暖', 'In', ' ', 'my', ' ', 'eyes', ',', ' ', 'getting', ' ', 'closer', '我們', '就', '這樣', '靠近', ' ', '然後轉角', '愛', '相遇', '請', '你', '不要', '怕', '安靜', ' ', '因為', '有', '多少', '顆的', '行星', ' ', '繞著', '你', '轉多', '了', '溫暖', '也', '多', '了', '負擔', '錯過', '了', '多少', '次', '的', '回憶', ' ', '留在', '雲端', '是', '個', '理想', '也', '是', '個', '混蛋', '一個', '人', '寂寞', '落魄', ' ', '只', '剩', '囉', '嗦', ' ', '開始', '做作', '你', '卻', '在', '那幸', '災樂禍', '不', '說', '你', '也', '不', '懂', ' ', '不必', '驚恐', ' ', '只是', '作秀', 'It', ""'"", 's', ' ', 'not', ' ', 'a', ' ', 'big', ' ', 'deal', '這是', '定律', '也', '是', '我們', '命中注定', '1.5', '億', '公里', '距離', ' ', '說', '不遠', '也', '不近', '你', '是', '我', '的', '陽光', '和', '水', ' ', '我', '所', '需要', '的', '氧氣', 'The', ' ', 'most', ' ', 'beautiful', ' ', 'planet', ' ', 'is', ' ', 'what', ' ', 'I', ' ', 'gave', ' ', 'you', ' ', 'a', ' ', 'gift']"
絕地花園,"['絕地', '花園']"
feat. 廖文強作詞：邱建豪、郭哲成作曲：邱建豪、郭哲成你孤獨地冒險 任由寂寞氣味瀰漫盤旋你說你不怕黑 已習慣夜色相陪遊走城市邊界 遍尋不著一個擁抱 溫柔以對努力勉強的笑臉 越傷痕累累再勇敢一點 潰堤的淚水 不代表妥協別讓自卑淹沒 你所有的視線倔強跨越那些不完美再坦然一些 白晝或黑夜 都值得紀念去細數故事裡 無論甜美心碎傷口也能開出燦爛的玫瑰誰再一次否決 再一次用謊言掩蓋歧見不安於世的罪 是驕傲的註解更多更詳盡歌詞 在 ※ Mojim.com　魔鏡歌詞網 從現在起拒絕 一張張偽善臉孔 全都被打碎迷霧散去的原野將風光明媚再勇敢一點 潰堤的淚水 不代表妥協別讓自卑淹沒 你所有的視線倔強跨越那些不完美再坦然一些 白晝或黑夜 都值得紀念去細數故事裡 無論甜美心碎傷口也能開出燦爛的玫瑰我喜歡你無畏的雙眼再勇敢一點 潰堤的淚水宣言了明天曾劇烈的疼痛都會蛻變我們不完美 所以完美再坦然一些 白晝或黑夜都值得紀念去珍惜故事裡 所有甜美心碎傷口已然開出燦爛的玫瑰,"['feat', '.', ' ', '廖文強', '作詞', '：', '邱建豪', '、', '郭哲成', '作曲', '：', '邱建豪', '、', '郭哲成', '你', '孤', '獨地', '冒險', ' ', '任由', '寂寞', '氣味', '瀰', '漫盤', '旋', '你', '說', '你', '不怕', '黑', ' ', '已習慣', '夜色', '相陪', '遊走', '城市', '邊界', ' ', '遍', '尋不著', '一個', '擁抱', ' ', '溫柔', '以', '對', '努力', '勉強', '的', '笑', '臉', ' ', '越傷', '痕', '累累', '再', '勇敢', '一點', ' ', '潰堤', '的', '淚水', ' ', '不', '代表', '妥協別', '讓', '自卑', '淹', '沒', ' ', '你', '所有', '的', '視線', '倔強', '跨越', '那些', '不', '完美', '再', '坦然', '一些', ' ', '白晝', '或', '黑夜', ' ', '都', '值得', '紀念', '去', '細數', '故事', '裡', ' ', '無論', '甜美', '心碎', '傷口', '也', '能', '開出', '燦爛', '的', '玫瑰', '誰', '再', '一次', '否決', ' ', '再', '一次', '用', '謊言', '掩蓋', '歧見', '不安', '於', '世', '的', '罪', ' ', '是', '驕傲', '的', '註', '解', '更', '多', '更', '詳', '盡', '歌', '詞', ' ', '在', ' ', '※', ' ', 'Mojim', '.', 'com', '\u3000', '魔鏡', '歌', '詞網', ' ', '從現', '在', '起', '拒絕', ' ', '一張', '張偽善', '臉孔', ' ', '全都', '被', '打碎', '迷霧', '散', '去', '的', '原野', '將風光', '明媚', '再', '勇敢', '一點', ' ', '潰堤', '的', '淚水', ' ', '不', '代表', '妥協別', '讓', '自卑', '淹', '沒', ' ', '你', '所有', '的', '視線', '倔強', '跨越', '那些', '不', '完美', '再', '坦然', '一些', ' ', '白晝', '或', '黑夜', ' ', '都', '值得', '紀念', '去', '細數', '故事', '裡', ' ', '無論', '甜美', '心碎', '傷口', '也', '能', '開出', '燦爛', '的', '玫瑰', '我', '喜歡', '你', '無畏', '的', '雙眼', '再', '勇敢', '一點', ' ', '潰堤', '的', '淚水', '宣言', '了', '明天', '曾劇烈', '的', '疼痛', '都', '會', '蛻變', '我們', '不', '完美', ' ', '所以', '完美', '再', '坦然', '一些', ' ', '白晝', '或', '黑夜', '都', '值得', '紀念', '去', '珍惜', '故事', '裡', ' ', '所有', '甜美', '心碎', '傷口', '已然', '開出', '燦爛', '的', '玫瑰']"
寂寞的大孩子,"['寂寞', '的', '大', '孩子']"
作詞：邱建豪作曲：邱建豪寂寞的大孩子 在薄暮中流浪未熄的星光陪著他說話怎麼所愛的人 都不知去向怎麼重要的回憶 都不見啦寂寞的大孩子 踏著時間的海浪潮起潮落 淘走珍藏的時光行囊輕盈啦 準備前往下個地方只是身邊的人 你怎麼哭啦更多更詳盡歌詞 在 ※ Mojim.com　魔鏡歌詞網 寂寞的大孩子啊他的掌紋曾是誰安睡的星空啊寂寞的大孩子啊她的臉龐曾是誰親吻的花啊滲出的記憶染白了頭髮故事也渲暈成晚霞晚霞裡月亮輕輕牽著他走向 更遠的地方往不寂寞的天堂,"['作詞', '：', '邱建豪', '作曲', '：', '邱建豪', '寂寞', '的', '大', '孩子', ' ', '在', '薄暮', '中', '流浪', '未', '熄', '的', '星光', '陪著', '他', '說', '話', '怎麼', '所愛的', '人', ' ', '都', '不知去向', '怎麼', '重要', '的', '回憶', ' ', '都', '不見', '啦', '寂寞', '的', '大', '孩子', ' ', '踏著', '時間', '的', '海浪', '潮起潮落', ' ', '淘走', '珍藏', '的', '時光', '行囊', '輕盈', '啦', ' ', '準備', '前往', '下個', '地方', '只是', '身邊', '的', '人', ' ', '你', '怎麼', '哭', '啦', '更', '多', '更', '詳盡', '歌詞', ' ', '在', ' ', '※', ' ', 'Mojim', '.', 'com', '\u3000', '魔鏡', '歌', '詞網', ' ', '寂寞', '的', '大', '孩子', '啊', '他', '的', '掌紋', '曾', '是', '誰', '安睡', '的', '星空', '啊', '寂寞', '的', '大', '孩子', '啊', '她', '的', '臉', '龐曾', '是', '誰', '親吻', '的', '花', '啊', '滲出', '的', '記憶染白', '了頭', '髮', '故事', '也', '渲暈成', '晚霞', '晚霞', '裡', '月亮', '輕輕', '牽著', '他', '走向', ' ', '更遠', '的', '地方', '往', '不', '寂寞', '的', '天堂']"
再說,"['再', '說']"
演唱：盧可沛作詞：盧可沛作曲：盧可沛你總是喜歡一個人嚮往單純的生活別忘了 在你最孤單的時候 有我在這我願意當你的話筒只要你肯對我說怎麼了 難道我們就只是個 普通朋友You call me when you needFor you l'm always freeLooking forward to somebodyWho treat you like a queen只要陪在你的身邊聞著你的香味我就會 窩屋窩屋窩更多更詳盡歌詞 在 ※ Mojim.com　魔鏡歌詞網 再說 我喜歡你專注的側臉又為你著迷 有誰能夠比 No No No再說 我期待我們有那一天那天我和你 不再有距離 No No No再說We always say good night聊到凌晨四點半也不算晚我只想聽你再多說一點 就那麼一點你這個小壞壞Too bad to let you by my sideI want to know youWhat you really want really want有誰能暸解你的心不僅是在他口頭上我願意為你少說一句只專心聆聽,"['演唱', '：', '盧可沛', '作詞', '：', '盧可沛', '作曲', '：', '盧可沛', '你', '總', '是', '喜歡', '一個', '人', '嚮', '往', '單純', '的', '生活', '別', '忘', '了', ' ', '在', '你', '最', '孤單', '的', '時候', ' ', '有', '我', '在', '這我願', '意當', '你', '的', '話', '筒', '只要', '你', '肯', '對', '我', '說', '怎麼', '了', ' ', '難道', '我們', '就', '只是', '個', ' ', '普通', '朋友', 'You', ' ', 'call', ' ', 'me', ' ', 'when', ' ', 'you', ' ', 'needFor', ' ', 'you', ' ', 'l', ""'"", 'm', ' ', 'always', ' ', 'freeLooking', ' ', 'forward', ' ', 'to', ' ', 'somebodyWho', ' ', 'treat', ' ', 'you', ' ', 'like', ' ', 'a', ' ', 'queen', '只要', '陪', '在', '你', '的', '身邊', '聞著', '你', '的', '香味', '我', '就', '會', ' ', '窩屋', '窩', '屋窩', '更', '多', '更', '詳盡', '歌詞', ' ', '在', ' ', '※', ' ', 'Mojim', '.', 'com', '\u3000', '魔鏡', '歌', '詞網', ' ', '再', '說', ' ', '我', '喜歡', '你', '專注', '的', '側臉', '又', '為', '你', '著迷', ' ', '有', '誰', '能夠', '比', ' ', 'No', ' ', 'No', ' ', 'No', '再', '說', ' ', '我', '期待', '我們', '有', '那', '一天', '那天', '我', '和', '你', ' ', '不再', '有', '距離', ' ', 'No', ' ', 'No', ' ', 'No', '再', '說', 'We', ' ', 'always', ' ', 'say', ' ', 'good', ' ', 'night', '聊到', '凌晨', '四點', '半', '也', '不算', '晚', '我', '只', '想', '聽', '你', '再', '多', '說', '一點', ' ', '就', '那麼', '一點', '你', '這個', '小壞', '壞', 'Too', ' ', 'bad', ' ', 'to', ' ', 'let', ' ', 'you', ' ', 'by', ' ', 'my', ' ', 'sideI', ' ', 'want', ' ', 'to', ' ', 'know', ' ', 'youWhat', ' ', 'you', ' ', 'really', ' ', 'want', ' ', 'really', ' ', 'want', '有', '誰', '能', '暸解', '你', '的', '心不僅', '是', '在', '他', '口頭', '上', '我', '願意', '為', '你', '少', '說', '一句', '只', '專心', '聆', '聽']"
我還沒有作好被打倒的準備,"['我', '還沒有', '作好', '被', '打倒', '的', '準備']"
作詞：邱建豪作曲：邱建豪、盧可沛鏡子裡 尷尬狼狽的我今天依然努力畫上笑容不是為誰 只為自己加油做過些比宇宙大的夢以為能把世界舉在肩頭狠摔了跟斗才知道自己從來不是英雄不願生命 成一部悲劇小說就算要我 屢敗屢戰得像個小丑我還沒有作好被打倒的準備就算心淌著血 失去所有夢和眼淚更多更詳盡歌詞 在 ※ Mojim.com　魔鏡歌詞網 攀著懸崖邊緣 疼痛已無所謂我不後退 哪怕輸了一切回到原點我並不會作好被打倒的準備就算心已破碎 反射月光照亮黑夜不是倔強的刺蝟 是勇敢的蝴蝶我還能飛 就無懼遙遠世界擁有 千萬個擊潰我的理由可我有不認輸的自由若有一天 生命的盡頭不可避免回首不求眷戀 只求無一點悔我還能飛 到那更遙遠,"['作詞', '：', '邱建豪', '作曲', '：', '邱建豪', '、', '盧可沛', '鏡子裡', ' ', '尷尬', '狼狽', '的', '我', '今天', '依然', '努力', '畫上', '笑容', '不是', '為', '誰', ' ', '只為', '自己', '加油', '做', '過些', '比', '宇宙', '大', '的', '夢', '以', '為', '能', '把', '世界', '舉在', '肩頭', '狠', '摔', '了', '跟斗', '才', '知道', '自己', '從來', '不是', '英雄', '不願', '生命', ' ', '成', '一部', '悲劇', '小', '說', '就算', '要', '我', ' ', '屢敗', '屢', '戰得', '像', '個', '小丑', '我', '還沒有', '作好', '被', '打倒', '的', '準備', '就算', '心淌', '著血', ' ', '失去', '所有', '夢', '和', '眼淚', '更', '多', '更', '詳盡', '歌詞', ' ', '在', ' ', '※', ' ', 'Mojim', '.', 'com', '\u3000', '魔鏡', '歌', '詞網', ' ', '攀著', '懸崖', '邊緣', ' ', '疼痛', '已無所謂', '我', '不後退', ' ', '哪怕', '輸', '了', '一切', '回到', '原點', '我', '並不會', '作好', '被', '打倒', '的', '準備', '就算', '心已', '破碎', ' ', '反射', '月光', '照亮', '黑夜', '不是', '倔強', '的', '刺', '蝟', ' ', '是', '勇敢', '的', '蝴蝶', '我', '還能', '飛', ' ', '就', '無懼', '遙遠', '世界', '擁有', ' ', '千萬個', '擊潰', '我', '的', '理由', '可', '我', '有', '不', '認輸', '的', '自由', '若有', '一天', ' ', '生命', '的', '盡頭', '不可避免', '回首', '不求', '眷戀', ' ', '只求', '無一點', '悔', '我', '還能', '飛', ' ', '到', '那', '更', '遙遠']"
再一次就好,"['再', '一次', '就', '好']"
遊戲記憶的怪物 - 命運的抉擇宣傳曲作詞：邱建豪作曲：邱建豪、盧可沛反覆地溫習 你留下的痕跡總能讓我感到安心外套和日記 手錶或眼鏡裝載你的氣息和我的回憶獨處的房間裡 我側耳傾聽以為是你聲音卻是窗外微風 吹動的風鈴嘲笑著我心又漾起漣漪墜入時間漩渦裡看著你 不必多說什麼也會微笑喜歡你 回望著我也上揚的嘴角再一次就好 我想我做得到勇敢去擁有我們的美好更多更詳盡歌詞 在 ※ Mojim.com　魔鏡歌詞網 每個熟悉街景 都是你身影雲淡究竟怎麼風輕眼淚已隨時間 逐漸地乾涸記憶裡的你卻越發清澈依然讓我心動著看著你 不必多說什麼也會微笑喜歡你 回望著我也上揚的嘴角再一次就好 我想我做得到勇敢去擁有我們的美好喜歡你 就算旁人說有多麼可笑愛著你 就算世界與我為敵也好再一次就好 我一定做得到勇敢去擁有我們的美好這一次換我守護你 好不好,"['遊戲', '記憶', '的', '怪物', ' ', '-', ' ', '命運', '的', '抉擇', '宣傳曲', '作詞', '：', '邱建豪', '作曲', '：', '邱建豪', '、', '盧可沛', '反覆', '地', '溫習', ' ', '你', '留下', '的', '痕跡', '總能', '讓', '我', '感到', '安心', '外套', '和', '日記', ' ', '手', '錶', '或', '眼鏡', '裝載', '你', '的', '氣息', '和', '我', '的', '回憶', '獨處', '的', '房間裡', ' ', '我側', '耳', '傾', '聽', '以', '為', '是', '你', '聲音', '卻', '是', '窗外', '微風', ' ', '吹動', '的', '風鈴', '嘲笑', '著', '我心', '又', '漾', '起', '漣漪', '墜入', '時間', '漩', '渦裡', '看', '著', '你', ' ', '不必', '多', '說', '什麼', '也', '會', '微笑', '喜歡', '你', ' ', '回望', '著', '我', '也', '上揚', '的', '嘴角', '再', '一次', '就', '好', ' ', '我', '想', '我', '做', '得到', '勇敢', '去', '擁有', '我們', '的', '美好', '更', '多', '更', '詳盡', '歌詞', ' ', '在', ' ', '※', ' ', 'Mojim', '.', 'com', '\u3000', '魔鏡', '歌', '詞網', ' ', '每個', '熟悉', '街景', ' ', '都', '是', '你', '身影', '雲淡', '究竟', '怎麼', '風輕', '眼淚', '已', '隨時間', ' ', '逐漸', '地乾涸', '記憶裡', '的', '你', '卻', '越發', '清澈', '依然', '讓', '我心', '動著', '看', '著', '你', ' ', '不必', '多', '說', '什麼', '也', '會', '微笑', '喜歡', '你', ' ', '回望', '著', '我', '也', '上揚', '的', '嘴角', '再', '一次', '就', '好', ' ', '我', '想', '我', '做', '得到', '勇敢', '去', '擁有', '我們', '的', '美好', '喜歡', '你', ' ', '就算', '旁人', '說', '有', '多麼', '可笑', '愛著', '你', ' ', '就算', '世界', '與', '我', '為', '敵', '也好', '再', '一次', '就', '好', ' ', '我', '一定', '做', '得到', '勇敢', '去', '擁有', '我們', '的', '美好', '這', '一次', '換我守護', '你', ' ', '好不好']"
我要用黑魔法把你變成一隻魚,"['我要', '用', '黑魔法', '把', '你', '變成', '一', '隻', '魚']"
作詞：邱建豪作曲：邱建豪我要用黑魔法把你變成一隻魚有著炫彩斑斕的孔雀尾巴頭頂掛著燈籠 亮晶晶我要用黑魔法把你變成一隻魚圓的扁的胖的都可以再送你一顆深海大鳳梨當玩具魚 你在我的腦海裡游來游去魚 察覺不到我溶化在水裡我是優雅的空氣啊 啊 如果你變成了魚而我也變成了空氣我們就不必再分離更多更詳盡歌詞 在 ※ Mojim.com　魔鏡歌詞網 啊 啊 如果你是魚我是空氣我就是你看似不必須卻不可或缺的我要用黑魔法把你變成一隻魚你用氣泡吐出一句我愛你美好結局可不可以不只在夢裡魚 你在我的腦海裡游來游去魚 察覺不到我溶化在水裡我是優雅的空氣啊 啊 如果你變成了魚而我也變成了空氣我們就不必再分離啊 啊 如果你是魚我是空氣我就是你看似不必須卻不可或缺的,"['作詞', '：', '邱建豪', '作曲', '：', '邱建豪', '我', '要', '用', '黑魔法', '把', '你', '變成', '一', '隻', '魚有', '著', '炫', '彩斑', '斕', '的', '孔雀', '尾巴', '頭頂', '掛著', '燈籠', ' ', '亮晶晶', '我要', '用', '黑魔法', '把', '你', '變成', '一', '隻', '魚圓', '的', '扁', '的', '胖', '的', '都', '可以', '再', '送', '你', '一顆', '深海', '大鳳梨當', '玩具', '魚', ' ', '你', '在', '我', '的', '腦海裡', '游來', '游去魚', ' ', '察覺', '不到', '我', '溶化', '在', '水裡', '我', '是', '優雅', '的', '空氣', '啊', ' ', '啊', ' ', '如果', '你', '變成', '了', '魚而', '我', '也', '變成', '了', '空氣', '我們', '就', '不必', '再', '分離', '更', '多', '更', '詳盡', '歌詞', ' ', '在', ' ', '※', ' ', 'Mojim', '.', 'com', '\u3000', '魔鏡', '歌', '詞網', ' ', '啊', ' ', '啊', ' ', '如果', '你', '是魚', '我', '是', '空氣', '我', '就是', '你', '看似', '不必', '須卻', '不可或缺', '的', '我', '要', '用', '黑魔法', '把', '你', '變成', '一', '隻', '魚你用', '氣泡', '吐出', '一句', '我', '愛', '你', '美好', '結局', '可不可以', '不', '只', '在', '夢裡魚', ' ', '你', '在', '我', '的', '腦海裡', '游來', '游去魚', ' ', '察覺', '不到', '我', '溶化', '在', '水裡', '我', '是', '優雅', '的', '空氣', '啊', ' ', '啊', ' ', '如果', '你', '變成', '了', '魚而', '我', '也', '變成', '了', '空氣', '我們', '就', '不必', '再', '分離', '啊', ' ', '啊', ' ', '如果', '你', '是魚', '我', '是', '空氣', '我', '就是', '你', '看似', '不必', '須卻', '不可或缺', '的']"
太陽雨,['太陽雨']
feat. 郁心作詞：邱建豪、廖郁心作曲：邱建豪、廖郁心雨聲淋濕了單人床吵醒了光線微弱的房貓咪說：再不起床會變胖於是起身推開窗想不起昨天陽光耀眼今天的雨突然下得瘋癲我說：哎 這不就是台北啦啦啦啦啦啦 你就下吧你可以帶走憂傷你不能帶走我的倔強啦啦啦啦啦啦 你就下吧你儘管怎麼張狂我就是我的晴朗空氣中潮濕的氣味更多更詳盡歌詞 在 ※ Mojim.com　魔鏡歌詞網 配上戒不掉的咖啡待辦事項總是一大堆卻忍不住一直拖延窗外天色一片灰黑但夢想是住在心裡面你說：只有自己能實現啦啦啦啦啦啦 你就下吧你可以帶走憂傷你不能帶走我的倔強啦啦啦啦啦啦 你就下吧你儘管怎麼張狂我就是我的晴朗啦啦啦啦啦啦 你就下吧你可以帶走憂傷你不能帶走我的倔強啦啦啦啦啦啦 你就下吧你儘管怎麼張狂我就是我的晴朗,"['feat', '.', ' ', '郁心', '作詞', '：', '邱建豪', '、', '廖郁心', '作曲', '：', '邱建豪', '、', '廖郁', '心雨', '聲淋濕', '了', '單人床', '吵醒', '了', '光線', '微弱', '的', '房貓', '咪', '說', '：', '再', '不', '起床', '會變', '胖', '於', '是', '起身', '推開', '窗', '想不起', '昨天', '陽光', '耀眼', '今天', '的', '雨', '突然', '下得', '瘋癲', '我', '說', '：', '哎', ' ', '這不', '就是', '台北', '啦', '啦', '啦', '啦', '啦', '啦', ' ', '你', '就', '下', '吧', '你', '可以', '帶', '走', '憂傷', '你', '不能', '帶', '走', '我', '的', '倔強', '啦', '啦', '啦', '啦', '啦', '啦', ' ', '你', '就', '下', '吧', '你', '儘', '管', '怎', '麼', '張', '狂', '我', '就是', '我', '的', '晴朗', '空氣', '中潮', '濕', '的', '氣味', '更', '多', '更', '詳盡', '歌詞', ' ', '在', ' ', '※', ' ', 'Mojim', '.', 'com', '\u3000', '魔鏡', '歌', '詞網', ' ', '配上', '戒', '不', '掉', '的', '咖啡', '待', '辦事項', '總是', '一大堆', '卻', '忍不住', '一直', '拖延', '窗外', '天色', '一片', '灰黑', '但夢想', '是', '住', '在', '心裡面', '你', '說', '：', '只有', '自己', '能', '實現', '啦', '啦', '啦', '啦', '啦', '啦', ' ', '你', '就', '下', '吧', '你', '可以', '帶', '走', '憂傷', '你', '不能', '帶', '走', '我', '的', '倔強', '啦', '啦', '啦', '啦', '啦', '啦', ' ', '你', '就', '下', '吧', '你', '儘', '管', '怎', '麼', '張', '狂', '我', '就是', '我', '的', '晴朗', '啦', '啦', '啦', '啦', '啦', '啦', ' ', '你', '就', '下', '吧', '你', '可以', '帶', '走', '憂傷', '你', '不能', '帶', '走', '我', '的', '倔強', '啦', '啦', '啦', '啦', '啦', '啦', ' ', '你', '就', '下', '吧', '你', '儘', '管', '怎', '麼', '張', '狂', '我', '就是', '我', '的', '晴朗']"
我就想你,"['我', '就', '想', '你']"
作詞：盧可沛作曲：盧可沛我想要你在我身邊，但距離怎麼看不清，一陣秋風竄進了被窩。又閉上眼睛，自己說：「原諒那些我們錯過的事！」心隨著時間滴答在漂流。看著不同的生活裡，找尋共同的記憶，試著學會再相信愛情。忘記了什麼時候，開始把你說的每一句話放在心上，才發現原來很久沒這樣。閉上眼看天空，看不見記憶中那種浪漫；而是那說不出：「我真的好喜歡你」的遺憾，不是我懷疑，而是我在意，我只是在意你有沒有一樣在意我。到頭來，想著你的笑容是我最幸福的時候！又同樣回到，上一個下不停的大雨中，左邊肩膀這次沒濕透。更多更詳盡歌詞 在 ※ Mojim.com　魔鏡歌詞網 我戴著耳機，躲避著不同世界的人群，再一次，聽可能和妳相同的旋律。「你在哪裡？」「我想你！」簡單的幾句不夠表明，將所有思念藏在這支筆。習慣了你習慣的：每個傷、每個步調、每個「你不想要」。人走了一樣什麼都還在。閉上眼看天空，看不見記憶中那種浪漫；而是那說不出：「我真的好喜歡你」的遺憾，不是我懷疑，而是我在意，我只是在意你有沒有一樣在意我，到頭來，想著你的笑容是我最幸福的時候！閉上眼看天空，看不見記憶中那種浪漫；而是那說不出：「我真的真的好喜歡你，好喜歡你呦！」就算是過了很久，回到那依舊，情不自禁的想著你的笑容！,"['作詞', '：', '盧可沛', '作曲', '：', '盧可沛', '我', '想要', '你', '在', '我', '身邊', '，', '但', '距離', '怎麼', '看不清', '，', '一陣秋風', '竄', '進', '了', '被', '窩', '。', '又', '閉上', '眼睛', '，', '自己', '說', '：', '「', '原諒', '那些', '我們', '錯過', '的', '事', '！', '」', '心', '隨著', '時間', '滴答', '在', '漂流', '。', '看著', '不同', '的', '生活', '裡', '，', '找尋', '共同', '的', '記憶', '，', '試著', '學會', '再', '相信', '愛情', '。', '忘記', '了', '什麼', '時候', '，', '開始', '把', '你', '說', '的', '每', '一句', '話', '放在心上', '，', '才', '發現', '原來', '很', '久', '沒', '這樣', '。', '閉上', '眼看', '天空', '，', '看不見', '記憶', '中', '那種', '浪漫', '；', '而是', '那', '說', '不出', '：', '「', '我', '真的', '好', '喜歡', '你', '」', '的', '遺憾', '，', '不是', '我', '懷疑', '，', '而是', '我', '在意', '，', '我', '只是', '在意', '你', '有', '沒', '有', '一樣', '在意', '我', '。', '到', '頭來', '，', '想著', '你', '的', '笑容', '是', '我', '最', '幸福', '的', '時候', '！', '又', '同樣', '回到', '，', '上', '一個', '下', '不停', '的', '大雨', '中', '，', '左邊', '肩膀', '這次', '沒濕透', '。', '更', '多', '更', '詳盡', '歌詞', ' ', '在', ' ', '※', ' ', 'Mojim', '.', 'com', '\u3000', '魔鏡', '歌', '詞網', ' ', '我', '戴', '著耳機', '，', '躲避', '著', '不同', '世界', '的', '人群', '，', '再', '一次', '，', '聽', '可能', '和', '妳', '相同', '的', '旋律', '。', '「', '你', '在', '哪裡', '？', '」', '「', '我', '想', '你', '！', '」', '簡單', '的', '幾句', '不夠', '表明', '，', '將', '所有', '思念', '藏', '在', '這支筆', '。', '習慣', '了', '你', '習慣', '的', '：', '每個傷', '、', '每個', '步調', '、', '每個', '「', '你', '不', '想要', '」', '。', '人', '走', '了', '一樣', '什麼', '都', '還在', '。', '閉上', '眼看', '天空', '，', '看不見', '記憶', '中', '那種', '浪漫', '；', '而是', '那', '說', '不出', '：', '「', '我', '真的', '好', '喜歡', '你', '」', '的', '遺憾', '，', '不是', '我', '懷疑', '，', '而是', '我', '在意', '，', '我', '只是', '在意', '你', '有', '沒', '有', '一樣', '在意', '我', '，', '到', '頭來', '，', '想著', '你', '的', '笑容', '是', '我', '最', '幸福', '的', '時候', '！', '閉上', '眼看', '天空', '，', '看不見', '記憶', '中', '那種', '浪漫', '；', '而是', '那', '說', '不出', '：', '「', '我', '真的', '真的', '好', '喜歡', '你', '，', '好', '喜歡', '你', '呦', '！', '」', '就算', '是過', '了', '很', '久', '，', '回到', '那依舊', '，', '情不自禁', '的', '想', '著', '你', '的', '笑容', '！']"
Reset,['Reset']
"作詞：邱建豪作曲：邱建豪耳朵聽不見音樂 被塞滿垃圾郵件仇恨言論包圍 怎麼逃出生天毒蛇一般的嘴爭相嚼食著早顛倒的是非噴射酸性毒液 對慾望狼吞虎嚥瞳孔辨不清真偽 被濾鏡瞎了雙眼加塊變色鏡片 醜陋想法難道就變美道貌岸然的臉包藏的禍心卻隱隱在作祟過份扭曲的世界 誰來按下重啟鍵關掉蠻橫的自卑關掉病態的自戀關掉暴力和偏見 堆砌的霸權關掉多數的奪掠關掉虛偽的假面關掉甜膩的謊言關掉阿諛的眼淚蒸餾出的罰與罪關掉一切Reset, Reset, Reset, Reset……Reset, Reset, Reset, Reset……道貌岸然的臉更多更詳盡歌詞 在 ※ Mojim.com　魔鏡歌詞網 包藏的禍心卻隱隱在作祟窮凶惡極的世界誰來按下重啟鍵關掉蠻橫的自卑關掉病態的自戀關掉暴力和偏見 堆砌的霸權關掉多數的奪掠關掉虛偽的假面關掉甜膩的謊言關掉阿諛的眼淚蒸餾出的罰與罪關掉一切關掉對立的標籤關掉藏刺的笑靨關掉人們流的血 灌溉的花蕊關掉互相傷害的行為關掉無止盡的慾念關掉無止盡的傷悲關掉遺憾的重演關掉昨天和明天打開今天打開今天打開今天打開今天","['作詞', '：', '邱建豪', '作曲', '：', '邱建豪', '耳朵', '聽不見', '音樂', ' ', '被塞滿', '垃圾', '郵件', '仇恨', '言論', '包圍', ' ', '怎麼', '逃出', '生天', '毒蛇', '一般', '的', '嘴爭', '相嚼', '食著', '早顛', '倒', '的', '是非', '噴射', '酸性', '毒液', ' ', '對', '慾', '望', '狼吞', '虎', '嚥', '瞳孔', '辨', '不', '清真', '偽', ' ', '被', '濾鏡', '瞎', '了', '雙眼', '加塊', '變色', '鏡片', ' ', '醜陋', '想法', '難道', '就', '變美', '道貌岸然', '的', '臉', '包藏', '的', '禍心', '卻', '隱隱', '在', '作祟', '過份', '扭曲', '的', '世界', ' ', '誰', '來', '按', '下重', '啟鍵', '關掉', '蠻橫', '的', '自卑', '關掉', '病態', '的', '自戀關', '掉', '暴力', '和', '偏見', ' ', '堆砌', '的', '霸權', '關掉', '多數', '的', '奪', '掠關', '掉', '虛偽', '的', '假面', '關掉', '甜膩', '的', '謊言關', '掉', '阿諛', '的', '眼淚', '蒸餾出', '的', '罰', '與', '罪關', '掉', '一切', 'Reset', ',', ' ', 'Reset', ',', ' ', 'Reset', ',', ' ', 'Reset', '…', '…', 'Reset', ',', ' ', 'Reset', ',', ' ', 'Reset', ',', ' ', 'Reset', '…', '…', '道貌岸然', '的', '臉', '更', '多', '更', '詳盡', '歌詞', ' ', '在', ' ', '※', ' ', 'Mojim', '.', 'com', '\u3000', '魔鏡', '歌', '詞網', ' ', '包藏', '的', '禍心', '卻', '隱隱', '在', '作祟', '窮凶', '惡極', '的', '世界', '誰', '來', '按', '下重', '啟鍵', '關掉', '蠻橫', '的', '自卑', '關掉', '病態', '的', '自戀關', '掉', '暴力', '和', '偏見', ' ', '堆砌', '的', '霸權', '關掉', '多數', '的', '奪', '掠關', '掉', '虛偽', '的', '假面', '關掉', '甜膩', '的', '謊言關', '掉', '阿諛', '的', '眼淚', '蒸餾出', '的', '罰', '與', '罪關', '掉', '一切', '關掉', '對立', '的', '標', '籤', '關掉', '藏', '刺', '的', '笑靨', '關掉', '人們', '流', '的', '血', ' ', '灌溉', '的', '花蕊', '關掉', '互相', '傷害', '的', '行為', '關掉', '無止', '盡', '的', '慾', '念關', '掉', '無止', '盡', '的', '傷悲', '關掉', '遺憾', '的', '重演', '關掉', '昨天', '和', '明天', '打開', '今天', '打開', '今天', '打開', '今天', '打開', '今天']"
我反芻著你留下的寂寞,"['我', '反芻著', '你', '留下', '的', '寂寞']"
作詞：邱建豪作曲：盧可沛、邱建豪(我反芻著你留下的寂寞)我反芻著你留下的寂寞以為終究能消化成自由而你已不回頭 你已不回頭我為何還原地守候在每個午夜的夢 複習著你溫柔夜色已漸濃 我隻身穿梭迷霧中探尋你消失的行蹤閃爍的路燈 不斷警告著我別再深究 你離去的理由我反芻著你留下的寂寞以為終究能消化成自由而你已不回頭 你已不回頭我為何還原地守候在每個午夜的夢 複習著你溫柔更多更詳盡歌詞 在 ※ Mojim.com　魔鏡歌詞網 是我太執著 還是你也留戀卻不說貪婪至此不願放手 成了思念的魔是我太執著 還是你也留戀卻不說貪婪至此不願放手 成了思念的魔是我太執著 還是你也留戀卻不說貪婪至此不願放手 成了思念的魔是我太執著 還是你也留戀卻不說貪婪至此不願放手 成了思念的魔我反芻著你留下的寂寞以為終究能消化成自由而你已不回頭 你已不回頭我為何還原地守候在每個午夜的夢 複習著你溫柔到什麼時候 我才能向前走[00:00.00]理想混蛋 - 我反芻著你留下的寂寞[00:07.00][00:08.00]作詞：邱建豪 作曲：盧可沛、邱建豪[00:09.00][00:10.01]我反芻著你留下的寂寞[00:19.19]以為終究能消化成自由[00:27.92]而你已不回頭 你已不回頭[00:32.61]我為何還原地守候[00:37.22]在每個午夜的夢 複習著你溫柔[00:45.15][01:06.67]夜色已漸濃 我隻身穿梭迷霧中[01:13.18]探尋你消失的行蹤[01:16.76][01:25.03]閃爍的路燈 不斷警告著我[01:31.23]別再深究 你離去的理由[01:35.40][01:45.40]我反芻著你留下的寂寞[01:54.66]以為終究能消化成自由[02:03.38]而你已不回頭 你已不回頭[02:08.19]我為何還原地守候[02:12.72]在每個午夜的夢 複習著你溫柔[02:21.50][02:23.24]是我太執著 還是你也留戀卻不說[02:27.84]貪婪至此不願放手 成了思念的魔[02:32.46]是我太執著 還是你也留戀卻不說[02:37.12]貪婪至此不願放手 成了思念的魔[02:41.82]是我太執著 還是你也留戀卻不說[02:46.43]貪婪至此不願放手 成了思念的魔[02:51.11]是我太執著 還是你也留戀卻不說[02:55.75]貪婪至此不願放手[03:00.98]成了思念的魔[03:02.46][03:02.68]我反芻著你留下的寂寞[03:11.52]以為終究能消化成自由[03:20.27]而你已不回頭 你已不回頭[03:24.96]我為何還原地守候[03:29.64]在每個午夜的夢 複習著你溫柔[03:38.16][03:39.53]到什麼時候 我才能向前走[03:50.57][03:54.24]END 感謝 野糜  提供動態歌詞,"['作詞', '：', '邱建豪', '作曲', '：', '盧可沛', '、', '邱建豪', '(', '我', '反芻著', '你', '留下', '的', '寂寞', ')', '我', '反芻著', '你', '留下', '的', '寂寞', '以為', '終究能', '消化', '成', '自由', '而', '你', '已', '不', '回頭', ' ', '你', '已', '不', '回頭', '我', '為', '何還', '原地', '守候', '在', '每個', '午夜', '的', '夢', ' ', '複', '習著', '你', '溫柔', '夜色', '已', '漸濃', ' ', '我', '隻', '身', '穿梭', '迷霧', '中', '探尋', '你', '消失', '的', '行', '蹤', '閃', '爍', '的', '路', '燈', ' ', '不斷', '警告', '著', '我別', '再', '深究', ' ', '你', '離', '去', '的', '理由', '我', '反芻著', '你', '留下', '的', '寂寞', '以為', '終究能', '消化', '成', '自由', '而', '你', '已', '不', '回頭', ' ', '你', '已', '不', '回頭', '我', '為', '何還', '原地', '守候', '在', '每個', '午夜', '的', '夢', ' ', '複', '習著', '你', '溫柔', '更', '多', '更', '詳盡', '歌詞', ' ', '在', ' ', '※', ' ', 'Mojim', '.', 'com', '\u3000', '魔鏡', '歌', '詞網', ' ', '是我太', '執著', ' ', '還是', '你', '也', '留戀', '卻', '不', '說', '貪婪', '至此', '不願', '放手', ' ', '成', '了', '思念', '的', '魔', '是我太', '執著', ' ', '還是', '你', '也', '留戀', '卻', '不', '說', '貪婪', '至此', '不願', '放手', ' ', '成', '了', '思念', '的', '魔', '是我太', '執著', ' ', '還是', '你', '也', '留戀', '卻', '不', '說', '貪婪', '至此', '不願', '放手', ' ', '成', '了', '思念', '的', '魔', '是我太', '執著', ' ', '還是', '你', '也', '留戀', '卻', '不', '說', '貪婪', '至此', '不願', '放手', ' ', '成', '了', '思念', '的', '魔', '我', '反芻著', '你', '留下', '的', '寂寞', '以為', '終究能', '消化', '成', '自由', '而', '你', '已', '不', '回頭', ' ', '你', '已', '不', '回頭', '我', '為', '何還', '原地', '守候', '在', '每個', '午夜', '的', '夢', ' ', '複', '習著', '你', '溫柔', '到', '什麼', '時候', ' ', '我', '才能', '向前走', '[', '00', ':', '00.00', ']', '理想', '混蛋', ' ', '-', ' ', '我', '反芻著', '你', '留下', '的', '寂寞', '[', '00', ':', '07.00', ']', '[', '00', ':', '08.00', ']', '作詞', '：', '邱建豪', ' ', '作曲', '：', '盧可沛', '、', '邱建豪', '[', '00', ':', '09.00', ']', '[', '00', ':', '10.01', ']', '我', '反芻著', '你', '留下', '的', '寂寞', '[', '00', ':', '19.19', ']', '以為', '終究能', '消化', '成', '自由', '[', '00', ':', '27.92', ']', '而', '你', '已', '不', '回頭', ' ', '你', '已', '不', '回頭', '[', '00', ':', '32.61', ']', '我為', '何還', '原地', '守候', '[', '00', ':', '37.22', ']', '在', '每個', '午夜', '的', '夢', ' ', '複', '習著', '你', '溫柔', '[', '00', ':', '45.15', ']', '[', '01', ':', '06.67', ']', '夜色', '已', '漸濃', ' ', '我', '隻', '身', '穿梭', '迷霧', '中', '[', '01', ':', '13.18', ']', '探尋', '你', '消失', '的', '行', '蹤', '[', '01', ':', '16.76', ']', '[', '01', ':', '25.03', ']', '閃爍', '的', '路', '燈', ' ', '不斷', '警告', '著', '我', '[', '01', ':', '31.23', ']', '別', '再', '深究', ' ', '你', '離', '去', '的', '理由', '[', '01', ':', '35.40', ']', '[', '01', ':', '45.40', ']', '我', '反芻著', '你', '留下', '的', '寂寞', '[', '01', ':', '54.66', ']', '以為', '終究能', '消化', '成', '自由', '[', '02', ':', '03.38', ']', '而', '你', '已', '不', '回頭', ' ', '你', '已', '不', '回頭', '[', '02', ':', '08.19', ']', '我為', '何還', '原地', '守候', '[', '02', ':', '12.72', ']', '在', '每個', '午夜', '的', '夢', ' ', '複', '習著', '你', '溫柔', '[', '02', ':', '21.50', ']', '[', '02', ':', '23.24', ']', '是我太', '執著', ' ', '還是', '你', '也', '留戀', '卻', '不', '說', '[', '02', ':', '27.84', ']', '貪婪', '至此', '不願', '放手', ' ', '成', '了', '思念', '的', '魔', '[', '02', ':', '32.46', ']', '是我太', '執著', ' ', '還是', '你', '也', '留戀', '卻', '不', '說', '[', '02', ':', '37.12', ']', '貪婪', '至此', '不願', '放手', ' ', '成', '了', '思念', '的', '魔', '[', '02', ':', '41.82', ']', '是我太', '執著', ' ', '還是', '你', '也', '留戀', '卻', '不', '說', '[', '02', ':', '46.43', ']', '貪婪', '至此', '不願', '放手', ' ', '成', '了', '思念', '的', '魔', '[', '02', ':', '51.11', ']', '是我太', '執著', ' ', '還是', '你', '也', '留戀', '卻', '不', '說', '[', '02', ':', '55.75', ']', '貪婪', '至此', '不願', '放手', '[', '03', ':', '00.98', ']', '成', '了', '思念', '的', '魔', '[', '03', ':', '02.46', ']', '[', '03', ':', '02.68', ']', '我', '反芻著', '你', '留下', '的', '寂寞', '[', '03', ':', '11.52', ']', '以為', '終究能', '消化', '成', '自由', '[', '03', ':', '20.27', ']', '而', '你', '已', '不', '回頭', ' ', '你', '已', '不', '回頭', '[', '03', ':', '24.96', ']', '我為', '何還', '原地', '守候', '[', '03', ':', '29.64', ']', '在', '每個', '午夜', '的', '夢', ' ', '複', '習著', '你', '溫柔', '[', '03', ':', '38.16', ']', '[', '03', ':', '39.53', ']', '到', '什麼', '時候', ' ', '我', '才能', '向前走', '[', '03', ':', '50.57', ']', '[', '03', ':', '54.24', ']', 'END', ' ', '感謝', ' ', '野糜', ' ', ' ', '提供', '動態', '歌詞']"
白晝將盡,"['白晝', '將盡']"
作詞：邱建豪作曲：邱建豪信仰荒蕪了城市以後，人群掙扎索求；氧氣、光線都衰弱。花火的殘燼，憤怒依舊；哀哉地控訴，竊取時間的小偷。灰佔據了眼底，抬頭不見星；執迷推遲善意，萬籟皆俱寂。末日醒悟人性，失明才看清；白晝將盡，破壞才有生機。「切莫溫馴地步入良夜…」焰影裡翩翩起舞的人啊，掏空了山與海；碎片裡尋找著出口。懸日枯萎在視線盡頭；更多更詳盡歌詞 在 ※ Mojim.com　魔鏡歌詞網 最後的禱文，懺悔不曾犯過的錯。灰佔據了眼底，抬頭不見星；執迷推遲善意，萬籟皆俱寂。末日醒悟人性，失明才看清；白晝將盡，破壞才有生機。「切莫溫馴地步入良夜…」箴言的嘴，也能將燭火給吹滅；造物的手，也可以選擇摧毀。箴言的嘴，也能將燭火給吹滅；造物的手，也可以選擇摧毀。箴言的嘴，也能將燭火給吹滅；造物的手，也可以選擇摧毀。箴言的嘴，也能將燭火給吹滅；造物的手，也可以選擇摧毀。,"['作詞', '：', '邱建豪', '作曲', '：', '邱建豪', '信仰', '荒蕪', '了', '城市', '以', '後', '，', '人群', '掙扎', '索求', '；', '氧氣', '、', '光線', '都', '衰弱', '。', '花火', '的', '殘燼', '，', '憤怒', '依舊', '；', '哀哉', '地', '控訴', '，', '竊取', '時間', '的', '小偷', '。', '灰佔據', '了', '眼底', '，', '抬頭', '不見星', '；', '執迷', '推遲', '善意', '，', '萬籟皆俱寂', '。', '末日', '醒悟', '人性', '，', '失明', '才', '看清', '；', '白晝', '將盡', '，', '破壞', '才', '有生', '機', '。', '「', '切莫', '溫馴', '地', '步入', '良夜', '…', '」', '焰', '影裡', '翩翩起舞', '的', '人', '啊', '，', '掏空', '了', '山', '與', '海', '；', '碎片', '裡尋找', '著', '出口', '。', '懸日', '枯萎', '在', '視線', '盡頭', '；', '更', '多', '更', '詳盡', '歌詞', ' ', '在', ' ', '※', ' ', 'Mojim', '.', 'com', '\u3000', '魔鏡', '歌', '詞網', ' ', '最後的', '禱文', '，', '懺悔', '不曾', '犯過', '的', '錯', '。', '灰佔據', '了', '眼底', '，', '抬頭', '不見星', '；', '執迷', '推遲', '善意', '，', '萬籟皆俱寂', '。', '末日', '醒悟', '人性', '，', '失明', '才', '看清', '；', '白晝', '將盡', '，', '破壞', '才', '有生', '機', '。', '「', '切莫', '溫馴', '地', '步入', '良夜', '…', '」', '箴言', '的', '嘴', '，', '也', '能', '將燭', '火給', '吹滅', '；', '造物', '的', '手', '，', '也', '可以', '選擇', '摧毀', '。', '箴言', '的', '嘴', '，', '也', '能', '將燭', '火給', '吹滅', '；', '造物', '的', '手', '，', '也', '可以', '選擇', '摧毀', '。', '箴言', '的', '嘴', '，', '也', '能', '將燭', '火給', '吹滅', '；', '造物', '的', '手', '，', '也', '可以', '選擇', '摧毀', '。', '箴言', '的', '嘴', '，', '也', '能', '將燭', '火給', '吹滅', '；', '造物', '的', '手', '，', '也', '可以', '選擇', '摧毀', '。']"
Reset,['Reset']
"作詞：邱建豪作曲：邱建豪耳朵聽不見音樂 被塞滿垃圾郵件仇恨言論包圍 怎麼逃出生天毒蛇一般的嘴 爭相嚼食著早顛倒的是非噴射酸性毒液 對慾望狼吞虎嚥瞳孔辨不清真偽 被濾鏡瞎了雙眼加塊變色鏡片 醜陋想法難道就變美道貌岸然的臉 包藏的禍心卻隱隱在作祟過份扭曲的世界 誰來按下重啟鍵關掉蠻橫的自卑 關掉病態的自戀關掉暴力和偏見堆砌的霸權關掉多數的奪掠關掉虛偽的假面 關掉甜膩的謊言關掉鱷魚的眼淚 蒸餾出的罰與罪關掉一切Reset, Reset, Reset, Reset……Reset, Reset, Reset, Reset……更多更詳盡歌詞 在 ※ Mojim.com　魔鏡歌詞網 道貌岸然的臉 包藏的禍心卻隱隱在作祟窮凶惡極的世界 誰來按下重啟鍵關掉蠻橫的自卑 關掉病態的自戀關掉暴力和偏見堆砌的霸權關掉多數的奪掠關掉虛偽的假面 關掉甜膩的謊言關掉鱷魚的眼淚 蒸餾出的罰與罪關掉一切關掉對立的標籤 關掉藏刺的笑靨關掉人們流的血 灌溉的花蕊關掉互相傷害的行為關掉無止盡的慾念 關掉無止盡的傷悲關掉遺憾的重演 關掉昨天和明天打開今天打開今天打開今天","['作詞', '：', '邱建豪', '作曲', '：', '邱建豪', '耳朵', '聽不見', '音樂', ' ', '被塞滿', '垃圾', '郵件', '仇恨', '言論', '包圍', ' ', '怎麼', '逃出', '生天', '毒蛇', '一般', '的', '嘴', ' ', '爭相嚼', '食著', '早顛', '倒', '的', '是非', '噴射', '酸性', '毒液', ' ', '對', '慾', '望', '狼吞', '虎', '嚥', '瞳孔', '辨', '不', '清真', '偽', ' ', '被', '濾鏡', '瞎', '了', '雙眼', '加塊', '變色', '鏡片', ' ', '醜陋', '想法', '難道', '就', '變美', '道貌岸然', '的', '臉', ' ', '包藏', '的', '禍心', '卻', '隱隱', '在', '作祟', '過份', '扭曲', '的', '世界', ' ', '誰', '來', '按', '下重', '啟鍵', '關掉', '蠻橫', '的', '自卑', ' ', '關掉', '病態', '的', '自戀關', '掉', '暴力', '和', '偏見', '堆砌', '的', '霸權', '關掉', '多數', '的', '奪', '掠關', '掉', '虛偽', '的', '假面', ' ', '關掉', '甜膩', '的', '謊言關', '掉', '鱷魚', '的', '眼淚', ' ', '蒸餾出', '的', '罰', '與', '罪關', '掉', '一切', 'Reset', ',', ' ', 'Reset', ',', ' ', 'Reset', ',', ' ', 'Reset', '…', '…', 'Reset', ',', ' ', 'Reset', ',', ' ', 'Reset', ',', ' ', 'Reset', '…', '…', '更', '多', '更', '詳盡', '歌詞', ' ', '在', ' ', '※', ' ', 'Mojim', '.', 'com', '\u3000', '魔鏡', '歌', '詞網', ' ', '道貌岸然', '的', '臉', ' ', '包藏', '的', '禍心', '卻', '隱隱', '在', '作祟', '窮凶', '惡極', '的', '世界', ' ', '誰', '來', '按', '下重', '啟鍵', '關掉', '蠻橫', '的', '自卑', ' ', '關掉', '病態', '的', '自戀關', '掉', '暴力', '和', '偏見', '堆砌', '的', '霸權', '關掉', '多數', '的', '奪', '掠關', '掉', '虛偽', '的', '假面', ' ', '關掉', '甜膩', '的', '謊言關', '掉', '鱷魚', '的', '眼淚', ' ', '蒸餾出', '的', '罰', '與', '罪關', '掉', '一切', '關掉', '對立', '的', '標', '籤', ' ', '關掉', '藏', '刺', '的', '笑靨', '關掉', '人們', '流', '的', '血', ' ', '灌溉', '的', '花蕊', '關掉', '互相', '傷害', '的', '行為', '關掉', '無止', '盡', '的', '慾', '念', ' ', '關掉', '無止', '盡', '的', '傷悲', '關掉', '遺憾', '的', '重演', ' ', '關掉', '昨天', '和', '明天', '打開', '今天', '打開', '今天', '打開', '今天']"
門,['門']
作詞：邱建豪作曲：盧可沛、邱建豪關於我們該往哪走 總眾說紜紛左不過熱度三分 右是太天真關於我們該怎麼做 誰置喙太深究竟是玩火自焚 還是開創者 誰也說不準時代的巨輪 不停轉著 轉著都什麼時候了醒著等待不如夢遊著往前 狂奔用力推開那一扇門橫衝直撞那又如何疼痛證明活著悲傷幸運都是訪客好壞不需要誰認可選擇我的選擇誰知道下一扇門 通往哪裡呢總要闖了才曉得生命的旅程 多蜿蜒曲折可若不曾走過 怎麼留下一些什麼用力推開那一扇門橫衝直撞那又如何疼痛證明活著更多更詳盡歌詞 在 ※ Mojim.com　魔鏡歌詞網 悲傷幸運都是訪客好壞不需要誰認可選擇我的選擇誰知道下一扇門 通往哪裡呢總要闖了才曉得關於我們該往哪走 關於我們該怎麼做關於我們該往哪走 關於我們該怎麼活關於我們該往哪走 總眾說紜紛關於我們該怎麼做 誰置喙太深關於我們該往哪走 有誰來揣測關於我們該怎麼活 該怎麼選擇我知道 就夠了 我要用力推開那一扇門橫衝直撞滿身傷痕至少我很快樂悲傷幸運都是過程好壞有我自己認可選擇我的選擇誰知道下一扇門 通往哪裡呢[00:01]理想混蛋[00:02]門[00:03]作詞：邱建豪[00:04]作曲：盧可沛、邱建豪[00:08]關於我們該往哪走 總眾說紜紛[00:14]左不過熱度三分 右是太天真[00:21]關於我們該怎麼做 誰置喙太深[00:27]究竟是玩火自焚 還是開創者 誰也說不準[00:48]時代的巨輪 不停轉著 轉著[01:01]都什麼時候了[01:06]醒著等待不如夢遊著往前 狂奔[01:13]用力推開那一扇門[01:17]橫衝直撞那又如何[01:20]疼痛證明活著[01:26]悲傷幸運都是訪客[01:30]好壞不需要誰認可[01:33]選擇我的選擇[01:38]誰知道下一扇門 通往哪裡呢[01:43]總要闖了才曉得[02:00]生命的旅程 多蜿蜒曲折[02:11]可若不曾走過 怎麼留下一些什麼[02:18]用力推開那一扇門[02:22]橫衝直撞那又如何[02:25]疼痛證明活著[02:31]悲傷幸運都是訪客[02:34]好壞不需要誰認可[02:38]選擇我的選擇[02:43]誰知道下一扇門 通往哪裡呢[02:48]總要闖了才曉得[03:03]關於我們該往哪走[03:10]關於我們該怎麼做[03:16]關於我們該往哪走[03:23]關於我們該怎麼活[03:29]關於我們該往哪走 總眾說紜紛[03:36]關於我們該怎麼做 誰置喙太深[03:42]關於我們該往哪走 有誰來揣測[03:49]關於我們該怎麼活 該怎麼選擇[03:54]我知道 就夠了 我要[04:02]用力推開那一扇門[04:05]橫衝直撞滿身傷痕[04:09]至少我很快樂[04:15]悲傷幸運都是過程[04:18]好壞有我自己認可[04:22]選擇我的選擇[04:27]誰知道下一扇門 通往哪裡呢 感謝 sherry088  提供動態歌詞,"['作詞', '：', '邱建豪', '作曲', '：', '盧可沛', '、', '邱建豪關', '於', '我們', '該', '往', '哪', '走', ' ', '總眾', '說', '紜', '紛左不過', '熱度', '三分', ' ', '右', '是', '太天真', '關於', '我們', '該', '怎麼', '做', ' ', '誰', '置喙', '太深', '究竟', '是', '玩火自焚', ' ', '還是', '開', '創者', ' ', '誰', '也', '說', '不準', '時代', '的', '巨輪', ' ', '不停', '轉著', ' ', '轉著', '都', '什麼', '時候', '了', '醒', '著', '等待', '不如', '夢遊著', '往前', ' ', '狂奔', '用力', '推開', '那', '一扇', '門橫衝', '直撞', '那', '又', '如何', '疼痛', '證明', '活著', '悲傷', '幸運', '都', '是', '訪客', '好', '壞', '不', '需要', '誰', '認可選擇', '我', '的', '選擇', '誰', '知道', '下', '一扇', '門', ' ', '通往', '哪裡', '呢', '總要', '闖', '了', '才曉得', '生命', '的', '旅程', ' ', '多', '蜿蜒', '曲折', '可若', '不曾', '走過', ' ', '怎麼', '留下', '一些', '什麼', '用力', '推開', '那', '一扇', '門橫衝', '直撞', '那', '又', '如何', '疼痛', '證明', '活著', '更', '多', '更', '詳盡', '歌詞', ' ', '在', ' ', '※', ' ', 'Mojim', '.', 'com', '\u3000', '魔鏡', '歌', '詞網', ' ', '悲傷', '幸運', '都', '是', '訪客', '好', '壞', '不', '需要', '誰', '認可選擇', '我', '的', '選擇', '誰', '知道', '下', '一扇', '門', ' ', '通往', '哪裡', '呢', '總要', '闖', '了', '才曉得關', '於', '我們', '該', '往', '哪', '走', ' ', '關於', '我們', '該', '怎麼', '做關', '於', '我們', '該', '往', '哪', '走', ' ', '關於', '我們', '該', '怎麼', '活關', '於', '我們', '該', '往', '哪', '走', ' ', '總眾', '說', '紜', '紛關', '於', '我們', '該', '怎麼', '做', ' ', '誰', '置喙', '太深關', '於', '我們', '該', '往', '哪', '走', ' ', '有', '誰', '來', '揣', '測關', '於', '我們', '該', '怎麼', '活', ' ', '該', '怎麼', '選擇', '我', '知道', ' ', '就夠', '了', ' ', '我要', '用力', '推開', '那', '一扇', '門橫衝', '直撞', '滿身', '傷痕', '至少', '我', '很快', '樂悲傷', '幸運', '都', '是', '過程', '好', '壞', '有', '我', '自己', '認可選擇', '我', '的', '選擇', '誰', '知道', '下', '一扇', '門', ' ', '通往', '哪裡', '呢', '[', '00', ':', '01', ']', '理想', '混蛋', '[', '00', ':', '02', ']', '門', '[', '00', ':', '03', ']', '作詞', '：', '邱建豪', '[', '00', ':', '04', ']', '作曲', '：', '盧可沛', '、', '邱建豪', '[', '00', ':', '08', ']', '關於', '我們', '該', '往', '哪', '走', ' ', '總眾', '說', '紜', '紛', '[', '00', ':', '14', ']', '左不過', '熱度', '三分', ' ', '右', '是', '太天真', '[', '00', ':', '21', ']', '關於', '我們', '該', '怎麼', '做', ' ', '誰', '置喙', '太深', '[', '00', ':', '27', ']', '究竟', '是', '玩火自焚', ' ', '還是', '開', '創者', ' ', '誰', '也', '說', '不準', '[', '00', ':', '48', ']', '時代', '的', '巨輪', ' ', '不停', '轉著', ' ', '轉著', '[', '01', ':', '01', ']', '都', '什麼', '時候', '了', '[', '01', ':', '06', ']', '醒著', '等待', '不如', '夢遊著', '往前', ' ', '狂奔', '[', '01', ':', '13', ']', '用力', '推開', '那', '一扇', '門', '[', '01', ':', '17', ']', '橫衝', '直撞', '那', '又', '如何', '[', '01', ':', '20', ']', '疼痛', '證明', '活著', '[', '01', ':', '26', ']', '悲傷', '幸運', '都', '是', '訪客', '[', '01', ':', '30', ']', '好壞', '不', '需要', '誰', '認可', '[', '01', ':', '33', ']', '選擇', '我', '的', '選擇', '[', '01', ':', '38', ']', '誰', '知道', '下', '一扇', '門', ' ', '通往', '哪裡', '呢', '[', '01', ':', '43', ']', '總要', '闖', '了', '才曉得', '[', '02', ':', '00', ']', '生命', '的', '旅程', ' ', '多', '蜿蜒', '曲折', '[', '02', ':', '11', ']', '可若', '不曾', '走過', ' ', '怎麼', '留下', '一些', '什麼', '[', '02', ':', '18', ']', '用力', '推開', '那', '一扇', '門', '[', '02', ':', '22', ']', '橫衝', '直撞', '那', '又', '如何', '[', '02', ':', '25', ']', '疼痛', '證明', '活著', '[', '02', ':', '31', ']', '悲傷', '幸運', '都', '是', '訪客', '[', '02', ':', '34', ']', '好壞', '不', '需要', '誰', '認可', '[', '02', ':', '38', ']', '選擇', '我', '的', '選擇', '[', '02', ':', '43', ']', '誰', '知道', '下', '一扇', '門', ' ', '通往', '哪裡', '呢', '[', '02', ':', '48', ']', '總要', '闖', '了', '才曉得', '[', '03', ':', '03', ']', '關於', '我們', '該', '往', '哪', '走', '[', '03', ':', '10', ']', '關於', '我們', '該', '怎麼', '做', '[', '03', ':', '16', ']', '關於', '我們', '該', '往', '哪', '走', '[', '03', ':', '23', ']', '關於', '我們', '該', '怎麼', '活', '[', '03', ':', '29', ']', '關於', '我們', '該', '往', '哪', '走', ' ', '總眾', '說', '紜', '紛', '[', '03', ':', '36', ']', '關於', '我們', '該', '怎麼', '做', ' ', '誰', '置喙', '太深', '[', '03', ':', '42', ']', '關於', '我們', '該', '往', '哪', '走', ' ', '有', '誰', '來', '揣測', '[', '03', ':', '49', ']', '關於', '我們', '該', '怎麼', '活', ' ', '該', '怎麼', '選擇', '[', '03', ':', '54', ']', '我', '知道', ' ', '就夠', '了', ' ', '我要', '[', '04', ':', '02', ']', '用力', '推開', '那', '一扇', '門', '[', '04', ':', '05', ']', '橫衝', '直撞', '滿身', '傷痕', '[', '04', ':', '09', ']', '至少', '我', '很快', '樂', '[', '04', ':', '15', ']', '悲傷', '幸運', '都', '是', '過程', '[', '04', ':', '18', ']', '好壞', '有', '我', '自己', '認可', '[', '04', ':', '22', ']', '選擇', '我', '的', '選擇', '[', '04', ':', '27', ']', '誰', '知道', '下', '一扇', '門', ' ', '通往', '哪裡', '呢', ' ', '感謝', ' ', 'sherry088', ' ', ' ', '提供', '動態', '歌詞']"
絕對值,['絕對值']
作詞：邱建豪作曲：李建廷、盧可沛、邱建豪用一堂課 解一道題用幾年青春 換不出我們的謎底塵封日記 歪斜筆跡十七歲的秘密 計算著我們的距離解不開的難題 原來是你明明曾經靠近 我卻自作聰明推不出的邏輯 為何是你深藏抽屜裡 寫滿我 遺憾的筆記你的身影 遙不可及偶爾的關心 多溫柔卻銳利友情愛情 幾分之幾遲遲無法下筆 困在你給的圓周裡更多更詳盡歌詞 在 ※ Mojim.com　魔鏡歌詞網 解不開的難題 原來是你明明曾經靠近 我卻自作聰明推不出的邏輯 為何是你深藏抽屜裡 寫滿我 遺憾的筆記把負數變為正數畫上絕對值就能得出卻不能 把不愛我的你變成 愛我的得不到的愛情 原來是你就別再過份好奇 答案早已透明圓不了的結局 為何是你淡去的背影 嘲笑我 多無能為力,"['作詞', '：', '邱建豪', '作曲', '：', '李建廷', '、', '盧可沛', '、', '邱建豪用', '一堂', '課', ' ', '解', '一道', '題用', '幾年', '青春', ' ', '換不出', '我們', '的', '謎', '底塵', '封日記', ' ', '歪斜', '筆跡', '十七', '歲', '的', '秘密', ' ', '計算著', '我們', '的', '距離', '解不開', '的', '難題', ' ', '原來', '是', '你', '明明', '曾經', '靠近', ' ', '我', '卻', '自作', '聰明', '推不出', '的', '邏輯', ' ', '為何', '是', '你', '深藏', '抽屜裡', ' ', '寫滿', '我', ' ', '遺憾', '的', '筆記', '你', '的', '身影', ' ', '遙', '不可', '及', '偶爾', '的', '關心', ' ', '多溫', '柔', '卻', '銳利', '友情', '愛情', ' ', '幾分', '之', '幾遲', '遲無法', '下筆', ' ', '困在', '你給', '的', '圓周裡', '更', '多', '更', '詳盡', '歌詞', ' ', '在', ' ', '※', ' ', 'Mojim', '.', 'com', '\u3000', '魔鏡', '歌', '詞網', ' ', '解不開', '的', '難題', ' ', '原來', '是', '你', '明明', '曾經', '靠近', ' ', '我', '卻', '自作', '聰明', '推不出', '的', '邏輯', ' ', '為何', '是', '你', '深藏', '抽屜裡', ' ', '寫滿', '我', ' ', '遺憾', '的', '筆記', '把', '負數', '變為', '正數', '畫上', '絕對值', '就', '能', '得出', '卻', '不能', ' ', '把', '不愛我', '的', '你', '變成', ' ', '愛我', '的', '得不到', '的', '愛情', ' ', '原來', '是', '你', '就', '別', '再', '過份', '好奇', ' ', '答案', '早已', '透明', '圓', '不了', '的', '結局', ' ', '為何', '是', '你', '淡去', '的', '背影', ' ', '嘲笑', '我', ' ', '多無能', '為力']"
我反芻著你留下的寂寞,"['我', '反芻著', '你', '留下', '的', '寂寞']"
作詞：邱建豪作曲：盧可沛、邱建豪我反芻著你留下的寂寞以為終究能消化成自由而你已不回頭 你已不回頭我為何還原地守候在每個午夜的夢 複習著你溫柔夜色已漸濃 我隻身穿梭迷霧中探尋你消失的行蹤閃爍的路燈 不斷警告著我別再深究 你離去的理由我反芻著你留下的寂寞以為終究能消化成自由而你已不回頭 你已不回頭我為何還原地守候在每個午夜的夢 複習著你溫柔更多更詳盡歌詞 在 ※ Mojim.com　魔鏡歌詞網 是我太執著 還是你也留戀卻不說貪婪至此不願放手 成了思念的魔是我太執著 還是你也留戀卻不說貪婪至此不願放手 成了思念的魔是我太執著 還是你也留戀卻不說貪婪至此不願放手 成了思念的魔是我太執著 還是你也留戀卻不說貪婪至此不願放手 成了思念的魔我反芻著你留下的寂寞以為終究能消化成自由而你已不回頭 你已不回頭我為何還原地守候在每個午夜的夢 複習著你溫柔到什麼時候 我才能向前走,"['作詞', '：', '邱建豪', '作曲', '：', '盧可沛', '、', '邱建豪', '我', '反芻著', '你', '留下', '的', '寂寞', '以為', '終究能', '消化', '成', '自由', '而', '你', '已', '不', '回頭', ' ', '你', '已', '不', '回頭', '我', '為', '何還', '原地', '守候', '在', '每個', '午夜', '的', '夢', ' ', '複', '習著', '你', '溫柔', '夜色', '已', '漸濃', ' ', '我', '隻', '身', '穿梭', '迷霧', '中', '探尋', '你', '消失', '的', '行', '蹤', '閃', '爍', '的', '路', '燈', ' ', '不斷', '警告', '著', '我別', '再', '深究', ' ', '你', '離', '去', '的', '理由', '我', '反芻著', '你', '留下', '的', '寂寞', '以為', '終究能', '消化', '成', '自由', '而', '你', '已', '不', '回頭', ' ', '你', '已', '不', '回頭', '我', '為', '何還', '原地', '守候', '在', '每個', '午夜', '的', '夢', ' ', '複', '習著', '你', '溫柔', '更', '多', '更', '詳盡', '歌詞', ' ', '在', ' ', '※', ' ', 'Mojim', '.', 'com', '\u3000', '魔鏡', '歌', '詞網', ' ', '是我太', '執著', ' ', '還是', '你', '也', '留戀', '卻', '不', '說', '貪婪', '至此', '不願', '放手', ' ', '成', '了', '思念', '的', '魔', '是我太', '執著', ' ', '還是', '你', '也', '留戀', '卻', '不', '說', '貪婪', '至此', '不願', '放手', ' ', '成', '了', '思念', '的', '魔', '是我太', '執著', ' ', '還是', '你', '也', '留戀', '卻', '不', '說', '貪婪', '至此', '不願', '放手', ' ', '成', '了', '思念', '的', '魔', '是我太', '執著', ' ', '還是', '你', '也', '留戀', '卻', '不', '說', '貪婪', '至此', '不願', '放手', ' ', '成', '了', '思念', '的', '魔', '我', '反芻著', '你', '留下', '的', '寂寞', '以為', '終究能', '消化', '成', '自由', '而', '你', '已', '不', '回頭', ' ', '你', '已', '不', '回頭', '我', '為', '何還', '原地', '守候', '在', '每個', '午夜', '的', '夢', ' ', '複', '習著', '你', '溫柔', '到', '什麼', '時候', ' ', '我', '才能', '向前走']"
今天星期六,"['今天', '星期六']"
"作詞：邱建豪、盧可沛作曲：盧可沛、邱建豪今天星期六 Wake up without 鬧鐘正午的太陽有點兇 直穿我被窩賴床再一個鐘頭讓疲憊像塵蟎一樣一掃而空今天星期六 Why I feel so alone都已經過十二點鐘 電話還沒通心裡有我還沒我好天氣竟然讓我一個人放空Oh my Saturday,it's not the Saturday of yours為什麼不懂我 難道愛我都是在吹牛Oh my Saturday,不想再有期待 anymore但是下一個週末 還是想牽你去兜兜風今天星期六 Put on my fancy coat提前到了你家門口 還梳個油頭電鈴按半個鐘頭等著仙女下凡怎麼一個人也沒有今天星期六 On my way to salon提前就約了好朋友 from San Francisco更多更詳盡歌詞 在 ※ Mojim.com　魔鏡歌詞網 想說今天難得週六讓你睡到自然醒 怎麼手機突然震動Oh my Saturday,it's not the Saturday of yours為什麼不懂我 難道愛我都是在吹牛Oh my Saturday,不想再有期待 anymore但是下一個週末 還是想牽你去兜兜風我看不清 是真愛還是暈就快星期一 還不發生點新奇的事情 到底？我不想要每個週六 都不知道你在做什麼只看著美美的你 在沒我的照片 吃小美冰淇淋你不該忘記我們的第一次見面小鹿亂撞到午夜Oh my Saturday,I just wanna make it also yours想配合你更多 怎麼好像反而有點囧Oh my Saturday,it's ok coz I'll always be yours下個星期六 還是一樣想你到發瘋","['作詞', '：', '邱建豪', '、', '盧可沛', '作曲', '：', '盧可沛', '、', '邱建豪', '今天', '星期六', ' ', 'Wake', ' ', 'up', ' ', 'without', ' ', '鬧鐘', '正午', '的', '太陽', '有點', '兇', ' ', '直穿', '我', '被', '窩', '賴床', '再', '一個', '鐘頭', '讓', '疲憊', '像', '塵', '蟎', '一樣', '一掃', '而', '空', '今天', '星期六', ' ', 'Why', ' ', 'I', ' ', 'feel', ' ', 'so', ' ', 'alone', '都', '已', '經過', '十二', '點鐘', ' ', '電話', '還沒通', '心裡', '有', '我', '還沒', '我', '好', '天氣', '竟然', '讓', '我', '一個', '人', '放空', 'Oh', ' ', 'my', ' ', 'Saturday', ',', 'it', ""'"", 's', ' ', 'not', ' ', 'the', ' ', 'Saturday', ' ', 'of', ' ', 'yours', '為', '什麼', '不', '懂', '我', ' ', '難道', '愛我', '都', '是', '在', '吹牛', 'Oh', ' ', 'my', ' ', 'Saturday', ',', '不想', '再有', '期待', ' ', 'anymore', '但是', '下一個', '週末', ' ', '還是', '想', '牽', '你', '去', '兜兜', '風', '今天', '星期六', ' ', 'Put', ' ', 'on', ' ', 'my', ' ', 'fancy', ' ', 'coat', '提前', '到', '了', '你家', '門口', ' ', '還梳個', '油頭', '電鈴', '按半個', '鐘頭', '等', '著', '仙女下凡', '怎麼', '一個', '人', '也', '沒', '有', '今天', '星期六', ' ', 'On', ' ', 'my', ' ', 'way', ' ', 'to', ' ', 'salon', '提前', '就', '約', '了', '好', '朋友', ' ', 'from', ' ', 'San', ' ', 'Francisco', '更', '多', '更', '詳盡', '歌詞', ' ', '在', ' ', '※', ' ', 'Mojim', '.', 'com', '\u3000', '魔鏡', '歌', '詞網', ' ', '想', '說', '今天', '難得', '週六讓', '你', '睡', '到', '自然', '醒', ' ', '怎麼', '手機', '突然', '震動', 'Oh', ' ', 'my', ' ', 'Saturday', ',', 'it', ""'"", 's', ' ', 'not', ' ', 'the', ' ', 'Saturday', ' ', 'of', ' ', 'yours', '為', '什麼', '不', '懂', '我', ' ', '難道', '愛我', '都', '是', '在', '吹牛', 'Oh', ' ', 'my', ' ', 'Saturday', ',', '不想', '再有', '期待', ' ', 'anymore', '但是', '下一個', '週末', ' ', '還是', '想', '牽', '你', '去', '兜兜', '風', '我', '看不清', ' ', '是', '真愛還', '是暈', '就', '快', '星期一', ' ', '還不發', '生點', '新奇', '的', '事情', ' ', '到底', '？', '我', '不', '想要', '每個', '週六', ' ', '都', '不', '知道', '你', '在', '做', '什麼', '只', '看', '著', '美美', '的', '你', ' ', '在', '沒', '我', '的', '照片', ' ', '吃小美', '冰淇淋', '你', '不該', '忘記', '我們', '的', '第一次', '見面', '小鹿', '亂', '撞', '到', '午夜', 'Oh', ' ', 'my', ' ', 'Saturday', ',', 'I', ' ', 'just', ' ', 'wanna', ' ', 'make', ' ', 'it', ' ', 'also', ' ', 'yours', '想', '配合', '你', '更', '多', ' ', '怎麼', '好像', '反而', '有點', '囧', 'Oh', ' ', 'my', ' ', 'Saturday', ',', 'it', ""'"", 's', ' ', 'ok', ' ', 'coz', ' ', 'I', ""'"", 'll', ' ', 'always', ' ', 'be', ' ', 'yours', '下個', '星期六', ' ', '還是', '一樣', '想', '你', '到', '發瘋']"
我就想你,"['我', '就', '想', '你']"
作詞：盧可沛作曲：盧可沛我想要你在我身邊，但距離怎麼看不清，一陣秋風竄進了被窩。又閉上眼睛，自己說：「原諒那些我們錯過的事！」心隨著時間滴答在漂流。看著不同的生活裡，找尋共同的記憶，試著學會再相信愛情。忘記了什麼時候，開始把你說的每一句話放在心上，才發現原來很久沒這樣。閉上眼看天空，看不見記憶中那種浪漫；而是那說不出：「我真的好喜歡你」的遺憾，不是我懷疑，而是我在意，我只是在意你有沒有一樣在意我。到頭來，想著你的笑容是我最幸福的時候！又同樣回到，上一個下不停的大雨中，左邊肩膀這次沒濕透。更多更詳盡歌詞 在 ※ Mojim.com　魔鏡歌詞網 我戴著耳機，躲避著不同世界的人群，再一次，聽可能和妳相同的旋律。「你在哪裡？」「我想你！」簡單的幾句不夠表明，將所有思念藏在這支筆。習慣了你習慣的：每個傷、每個步調、每個「你不想要」。人走了一樣什麼都還在。閉上眼看天空，看不見記憶中那種浪漫；而是那說不出：「我真的好喜歡你」的遺憾，不是我懷疑，而是我在意，我只是在意你有沒有一樣在意我，到頭來，想著你的笑容是我最幸福的時候！閉上眼看天空，看不見記憶中那種浪漫；而是那說不出：「我真的真的好喜歡，好喜歡你呦！」就算是過了很久，回到那依舊，情不自禁的想著你的笑容！,"['作詞', '：', '盧可沛', '作曲', '：', '盧可沛', '我', '想要', '你', '在', '我', '身邊', '，', '但', '距離', '怎麼', '看不清', '，', '一陣秋風', '竄', '進', '了', '被', '窩', '。', '又', '閉上', '眼睛', '，', '自己', '說', '：', '「', '原諒', '那些', '我們', '錯過', '的', '事', '！', '」', '心', '隨著', '時間', '滴答', '在', '漂流', '。', '看著', '不同', '的', '生活', '裡', '，', '找尋', '共同', '的', '記憶', '，', '試著', '學會', '再', '相信', '愛情', '。', '忘記', '了', '什麼', '時候', '，', '開始', '把', '你', '說', '的', '每', '一句', '話', '放在心上', '，', '才', '發現', '原來', '很', '久', '沒', '這樣', '。', '閉上', '眼看', '天空', '，', '看不見', '記憶', '中', '那種', '浪漫', '；', '而是', '那', '說', '不出', '：', '「', '我', '真的', '好', '喜歡', '你', '」', '的', '遺憾', '，', '不是', '我', '懷疑', '，', '而是', '我', '在意', '，', '我', '只是', '在意', '你', '有', '沒', '有', '一樣', '在意', '我', '。', '到', '頭來', '，', '想著', '你', '的', '笑容', '是', '我', '最', '幸福', '的', '時候', '！', '又', '同樣', '回到', '，', '上', '一個', '下', '不停', '的', '大雨', '中', '，', '左邊', '肩膀', '這次', '沒濕透', '。', '更', '多', '更', '詳盡', '歌詞', ' ', '在', ' ', '※', ' ', 'Mojim', '.', 'com', '\u3000', '魔鏡', '歌', '詞網', ' ', '我', '戴', '著耳機', '，', '躲避', '著', '不同', '世界', '的', '人群', '，', '再', '一次', '，', '聽', '可能', '和', '妳', '相同', '的', '旋律', '。', '「', '你', '在', '哪裡', '？', '」', '「', '我', '想', '你', '！', '」', '簡單', '的', '幾句', '不夠', '表明', '，', '將', '所有', '思念', '藏', '在', '這支筆', '。', '習慣', '了', '你', '習慣', '的', '：', '每個傷', '、', '每個', '步調', '、', '每個', '「', '你', '不', '想要', '」', '。', '人', '走', '了', '一樣', '什麼', '都', '還在', '。', '閉上', '眼看', '天空', '，', '看不見', '記憶', '中', '那種', '浪漫', '；', '而是', '那', '說', '不出', '：', '「', '我', '真的', '好', '喜歡', '你', '」', '的', '遺憾', '，', '不是', '我', '懷疑', '，', '而是', '我', '在意', '，', '我', '只是', '在意', '你', '有', '沒', '有', '一樣', '在意', '我', '，', '到', '頭來', '，', '想著', '你', '的', '笑容', '是', '我', '最', '幸福', '的', '時候', '！', '閉上', '眼看', '天空', '，', '看不見', '記憶', '中', '那種', '浪漫', '；', '而是', '那', '說', '不出', '：', '「', '我', '真的', '真的', '好', '喜歡', '，', '好', '喜歡', '你', '呦', '！', '」', '就算', '是過', '了', '很', '久', '，', '回到', '那依舊', '，', '情不自禁', '的', '想', '著', '你', '的', '笑容', '！']"
好方法,"['好', '方法']"
"作詞：邱建豪作曲：邱建豪有沒有什麼好方法把討厭的你給遺忘不懂愛情的傻瓜有沒有什麼好方法讓幼稚的你能長大把冰塊融化 把木頭變太陽你什麼都好 但就是有個地方特別讓人牙癢癢要曖昧多久 才能讓你的心也不再流浪我一直在想 有沒有什麼好方法每一個晚上 翻來又覆去直到天亮美好的想像 在腦海裡像電影般循環播放Oh, they tell me it's loveYeah, they tell me it is love有沒有什麼好方法把你的笑好好珍藏我就想守護 你這個大寶藏更多更詳盡歌詞 在 ※ Mojim.com　魔鏡歌詞網 你什麼都好 但就是有個地方特別讓人牙癢癢要曖昧多久 才能讓你的心也不再流浪我一直在想 有沒有什麼好方法鼓起勇氣吧 好不容易走到你身旁又說不出話 看著你我就變成了臉紅的啞巴Oh, they tell me it's loveYeah, they tell me it is love你是不是還在等一個很好的天氣(非常晴朗的天氣)你是不是還在等一個很美的風景(或許在某個花園裡)你是不是還在等一個很好很好的人那就是我 我就在這裡現在告訴我 你也願意我一直在想 有沒有什麼好方法每一個晚上 翻來又覆去直到天亮美好的想像 在腦海裡像電影般循環播放Oh, they tell me it's loveAnd I know that it is love","['作詞', '：', '邱建豪', '作曲', '：', '邱建豪', '有', '沒', '有', '什麼', '好', '方法', '把', '討厭', '的', '你給', '遺忘', '不', '懂', '愛情', '的', '傻瓜', '有', '沒', '有', '什麼', '好', '方法', '讓', '幼稚', '的', '你', '能長', '大', '把', '冰塊', '融化', ' ', '把', '木頭', '變太陽', '你', '什麼', '都', '好', ' ', '但', '就是', '有個', '地方', '特別', '讓', '人牙癢', '癢', '要', '曖昧', '多久', ' ', '才能', '讓', '你', '的', '心', '也', '不再', '流浪', '我', '一直', '在', '想', ' ', '有', '沒', '有', '什麼', '好', '方法', '每一個', '晚上', ' ', '翻來', '又', '覆去', '直到', '天亮', '美好', '的', '想像', ' ', '在', '腦海裡', '像', '電影般', '循環', '播放', 'Oh', ',', ' ', 'they', ' ', 'tell', ' ', 'me', ' ', 'it', ""'"", 's', ' ', 'loveYeah', ',', ' ', 'they', ' ', 'tell', ' ', 'me', ' ', 'it', ' ', 'is', ' ', 'love', '有', '沒', '有', '什麼', '好', '方法', '把', '你', '的', '笑', '好好', '珍藏', '我', '就', '想', '守護', ' ', '你', '這個', '大寶藏', '更', '多', '更', '詳盡', '歌詞', ' ', '在', ' ', '※', ' ', 'Mojim', '.', 'com', '\u3000', '魔鏡', '歌', '詞網', ' ', '你', '什麼', '都', '好', ' ', '但', '就是', '有個', '地方', '特別', '讓', '人牙癢', '癢', '要', '曖昧', '多久', ' ', '才能', '讓', '你', '的', '心', '也', '不再', '流浪', '我', '一直', '在', '想', ' ', '有', '沒', '有', '什麼', '好', '方法', '鼓起', '勇氣', '吧', ' ', '好不容易', '走到', '你', '身旁', '又', '說', '不', '出話', ' ', '看著', '你', '我', '就', '變成', '了', '臉紅', '的', '啞巴', 'Oh', ',', ' ', 'they', ' ', 'tell', ' ', 'me', ' ', 'it', ""'"", 's', ' ', 'loveYeah', ',', ' ', 'they', ' ', 'tell', ' ', 'me', ' ', 'it', ' ', 'is', ' ', 'love', '你', '是不是', '還在', '等', '一個', '很', '好', '的', '天氣', '(', '非常', '晴朗', '的', '天氣', ')', '你', '是不是', '還在', '等', '一個', '很', '美的', '風景', '(', '或許', '在', '某個', '花園裡', ')', '你', '是不是', '還在', '等', '一個', '很', '好', '很', '好', '的', '人', '那', '就是', '我', ' ', '我', '就', '在', '這裡現', '在', '告訴', '我', ' ', '你', '也', '願意', '我', '一直', '在', '想', ' ', '有', '沒', '有', '什麼', '好', '方法', '每一個', '晚上', ' ', '翻來', '又', '覆去', '直到', '天亮', '美好', '的', '想像', ' ', '在', '腦海裡', '像', '電影般', '循環', '播放', 'Oh', ',', ' ', 'they', ' ', 'tell', ' ', 'me', ' ', 'it', ""'"", 's', ' ', 'loveAnd', ' ', 'I', ' ', 'know', ' ', 'that', ' ', 'it', ' ', 'is', ' ', 'love']"
一定會的,"['一定', '會', '的']"
作詞：邱建豪、郭哲成作曲：邱建豪、郭哲成熙來攘往人群中 向左向右或停留下一個轉彎路口 通往貧瘠或肥沃我走得顛簸卻自由手心緊握不放鬆 是抓住希望或傷痛能再相信嗎 能再相信嗎一定會的 我對自己這麼說一定會的 曙光驅散那灰濛的天空一定會的 蔚藍之下盛開彩色的夢寬容 你眼中不夠成熟的我執意把勇氣揮霍 才感到光榮生命如綿長阡陌 必經歷蜿蜒迷惑才懂得微笑理由更多更詳盡歌詞 在 ※ Mojim.com　魔鏡歌詞網 珍惜擁有 也得失去過才懂別怕我傷得太重 我一定會犯錯卻也一定會再成長很多請放心地看著我 陪著我享受其中再繼續繼續往前走一定會的 曙光驅散那灰濛的天空一定會的 蔚藍之下盛開彩色的夢寬容 你眼中不夠完整的我執意把勇氣揮霍 才不覺錯過一定會的 就算風雨反覆明滅燭火一定會的 顫抖著描繪生命的輪廓承諾 再辛苦也要一起走過穿越黑夜的盡頭 讓故事雋永,"['作詞', '：', '邱建豪', '、', '郭哲成', '作曲', '：', '邱建豪', '、', '郭哲', '成熙', '來攘往', '人群', '中', ' ', '向', '左向右', '或', '停留', '下一個', '轉彎', '路口', ' ', '通往', '貧瘠', '或', '肥沃', '我', '走', '得', '顛簸', '卻', '自由', '手心', '緊握', '不', '放', '鬆', ' ', '是', '抓住', '希望', '或傷', '痛能', '再', '相信', '嗎', ' ', '能', '再', '相信', '嗎', '一定', '會', '的', ' ', '我', '對', '自己', '這麼', '說', '一定', '會', '的', ' ', '曙光', '驅散', '那', '灰濛', '的', '天空', '一定', '會', '的', ' ', '蔚藍', '之下', '盛開', '彩色', '的', '夢', '寬容', ' ', '你', '眼中', '不夠', '成熟', '的', '我', '執意', '把', '勇氣揮', '霍', ' ', '才', '感到', '光榮', '生命', '如綿長', '阡陌', ' ', '必經歷', '蜿蜒', '迷惑', '才', '懂得', '微笑', '理由', '更', '多', '更', '詳盡', '歌詞', ' ', '在', ' ', '※', ' ', 'Mojim', '.', 'com', '\u3000', '魔鏡', '歌', '詞網', ' ', '珍惜', '擁有', ' ', '也', '得', '失去', '過才', '懂別', '怕', '我', '傷得', '太重', ' ', '我', '一定', '會犯', '錯', '卻', '也', '一定', '會', '再', '成長', '很多', '請', '放心', '地', '看', '著', '我', ' ', '陪著', '我', '享受', '其中', '再', '繼續', '繼續', '往前走', '一定', '會', '的', ' ', '曙光', '驅散', '那', '灰濛', '的', '天空', '一定', '會', '的', ' ', '蔚藍', '之下', '盛開', '彩色', '的', '夢', '寬容', ' ', '你', '眼中', '不夠', '完整', '的', '我', '執意', '把', '勇氣揮', '霍', ' ', '才', '不覺', '錯過', '一定', '會', '的', ' ', '就算', '風雨', '反覆', '明滅', '燭火', '一定', '會', '的', ' ', '顫抖', '著', '描繪', '生命', '的', '輪廓', '承諾', ' ', '再', '辛苦', '也', '要', '一起', '走過', '穿越', '黑夜', '的', '盡頭', ' ', '讓', '故事', '雋', '永']"
在地球爆炸之前,"['在', '地球', '爆炸', '之前']"
作詞：邱建豪、郭哲成作曲：邱建豪、郭哲成冰河期如果都結束了，為什麼心不是熱的？大洪水如果都退去了，為什麼我還窒息著？世界必然有黑暗，一定也有光明存在，我是這樣相信著。你說你也想要很好，但總是擔心做不到；想狩獵驕傲和榮耀，卻害怕搆不著目標。生命必然有挫折，一定也有美好發生，何不努力讓渴望成真。勇氣是唯一的方舟，裝載音樂、充填笑容，倒數三秒，開始行動！在地球爆炸之前，我們還有多少時間？口袋裡願望沒實現，現在就是最好機會！不准你猶豫不決，有翅膀就要飛，有翅膀就飛！在地球爆炸之前，再來一場華麗冒險！偉大不一定卓越，有時只要瘋狂一點點。讓衝動自由蔓延，跨越夢的奇異點！腦海裡的藍圖多的很，什麼時候才能完成？更多更詳盡歌詞 在 ※ Mojim.com　魔鏡歌詞網 天殺的計畫又怎麼了？突如其來什麼波折？旅程必然會迷惘，誰不是一路跌跌撞撞，由徬徨走向了堅強。勇氣是唯一的方舟，裝載音樂、充填笑容，倒數三秒，開始行動！在地球爆炸之前，我們還有多少時間？口袋裡願望沒實現，現在就是最好機會！不准你猶豫不決，有翅膀就要飛，有翅膀就飛！在地球爆炸之前，再來一場華麗冒險！偉大不一定卓越，有時只要瘋狂一點點。讓衝動自由蔓延，跨越夢的奇異點！在地球爆炸之前，我們還有多少時間？恐龍們會不會也後悔當初有夢沒實現？心裡的火山煮沸，生命就該浪費，在美好瞬間！在地球爆炸之前，再來一場華麗冒險！有你陪在我身邊，就不怕再瘋狂一點點。讓衝動自由蔓延，跨越夢的奇異點！,"['作詞', '：', '邱建豪', '、', '郭哲成', '作曲', '：', '邱建豪', '、', '郭哲成', '冰河期', '如果', '都', '結束', '了', '，', '為', '什麼', '心', '不是', '熱的', '？', '大', '洪水', '如果', '都', '退去', '了', '，', '為', '什麼', '我還', '窒息', '著', '？', '世界', '必然', '有', '黑暗', '，', '一定', '也', '有', '光明', '存在', '，', '我', '是', '這樣', '相信', '著', '。', '你', '說', '你', '也', '想要', '很', '好', '，', '但', '總', '是', '擔心', '做', '不到', '；', '想', '狩獵', '驕傲', '和', '榮耀', '，', '卻', '害怕', '搆', '不', '著', '目', '標', '。', '生命', '必然', '有', '挫折', '，', '一定', '也', '有', '美好', '發生', '，', '何不', '努力', '讓', '渴望', '成', '真', '。', '勇氣', '是', '唯一', '的', '方舟', '，', '裝載', '音樂', '、', '充填', '笑容', '，', '倒數', '三秒', '，', '開', '始行', '動', '！', '在', '地球', '爆炸', '之前', '，', '我們', '還有', '多少', '時間', '？', '口袋', '裡願望', '沒', '實現', '，', '現在', '就是', '最好', '機會', '！', '不准', '你', '猶豫', '不決', '，', '有', '翅膀', '就要', '飛', '，', '有', '翅膀', '就', '飛', '！', '在', '地球', '爆炸', '之前', '，', '再來', '一場', '華麗', '冒險', '！', '偉大', '不', '一定', '卓越', '，', '有時', '只要', '瘋狂', '一點點', '。', '讓', '衝動', '自由', '蔓延', '，', '跨越', '夢', '的', '奇異點', '！', '腦海裡', '的', '藍圖', '多', '的', '很', '，', '什麼', '時候', '才能', '完成', '？', '更', '多', '更', '詳盡', '歌詞', ' ', '在', ' ', '※', ' ', 'Mojim', '.', 'com', '\u3000', '魔鏡', '歌', '詞網', ' ', '天殺', '的', '計畫', '又', '怎麼', '了', '？', '突', '如其', '來什麼', '波折', '？', '旅程', '必然', '會', '迷惘', '，', '誰', '不是', '一路', '跌跌撞撞', '，', '由', '徬徨', '走向', '了', '堅強', '。', '勇氣', '是', '唯一', '的', '方舟', '，', '裝載', '音樂', '、', '充填', '笑容', '，', '倒數', '三秒', '，', '開', '始行', '動', '！', '在', '地球', '爆炸', '之前', '，', '我們', '還有', '多少', '時間', '？', '口袋', '裡願望', '沒', '實現', '，', '現在', '就是', '最好', '機會', '！', '不准', '你', '猶豫', '不決', '，', '有', '翅膀', '就要', '飛', '，', '有', '翅膀', '就', '飛', '！', '在', '地球', '爆炸', '之前', '，', '再來', '一場', '華麗', '冒險', '！', '偉大', '不', '一定', '卓越', '，', '有時', '只要', '瘋狂', '一點點', '。', '讓', '衝動', '自由', '蔓延', '，', '跨越', '夢', '的', '奇異點', '！', '在', '地球', '爆炸', '之前', '，', '我們', '還有', '多少', '時間', '？', '恐龍們', '會', '不會', '也後悔', '當初', '有', '夢', '沒', '實現', '？', '心裡', '的', '火山', '煮沸', '，', '生命', '就', '該', '浪費', '，', '在', '美好', '瞬間', '！', '在', '地球', '爆炸', '之前', '，', '再來', '一場', '華麗', '冒險', '！', '有', '你', '陪', '在', '我', '身邊', '，', '就', '不怕', '再', '瘋狂', '一點點', '。', '讓', '衝動', '自由', '蔓延', '，', '跨越', '夢', '的', '奇異點', '！']"
屬於你,"['屬', '於', '你']"
電影 一周的朋友 插曲作詞：林孝謙作曲：盧可沛、邱建豪每次遇見你 恰好的天氣彷彿 早已 有了默契隨太陽升起 每朵思念情緒帶著漂浮的自己 幻想牽著你在每個夏季我會是你特別佳賓設計每一場 驚喜緊緊擁抱 你每段回憶只要別懷疑 默數著 每次 你的呼吸我和甜蜜 就會慢慢靠近你 靠近你每次道別離  偷偷凝望你再見 用最短的距離在我的星球 你是萬有引力無論再小心仔細 卻已經留下更多更詳盡歌詞 在 ※ Mojim.com　魔鏡歌詞網 心動的痕跡我會是你秘密武器趕走每一片 烏雲保護著你  只要你願意勇敢說愛我 如果你也是這樣相信那顆星星 就會永遠屬於你屬於你我也永遠屬於你不要忘記 被愛也有意義當你想起 每一次相聚當你懷念 我小小心意屬於我  你每個晴天和每個壞天氣我的微笑 也會永遠屬於你屬於你屬於你,"['電影', ' ', '一周', '的', '朋友', ' ', '插曲', '作詞', '：', '林孝謙', '作曲', '：', '盧可沛', '、', '邱建豪', '每次', '遇見', '你', ' ', '恰好', '的', '天氣', '彷', '彿', ' ', '早已', ' ', '有', '了', '默契', '隨太陽', '升起', ' ', '每朵', '思念', '情緒', '帶', '著', '漂浮', '的', '自己', ' ', '幻想', '牽著', '你', '在', '每個', '夏季', '我會', '是', '你', '特別', '佳賓', '設計', '每', '一場', ' ', '驚喜', '緊緊', '擁抱', ' ', '你', '每段', '回憶', '只要', '別懷疑', ' ', '默數', '著', ' ', '每次', ' ', '你', '的', '呼吸', '我', '和', '甜蜜', ' ', '就', '會', '慢慢', '靠近', '你', ' ', '靠近', '你', '每次', '道', '別離', ' ', ' ', '偷偷', '凝望', '你', '再', '見', ' ', '用', '最', '短', '的', '距離', '在', '我', '的', '星球', ' ', '你', '是', '萬', '有', '引力', '無論', '再', '小心', '仔細', ' ', '卻', '已經', '留下', '更', '多', '更', '詳盡', '歌詞', ' ', '在', ' ', '※', ' ', 'Mojim', '.', 'com', '\u3000', '魔鏡', '歌', '詞網', ' ', '心動', '的', '痕跡', '我會', '是', '你', '秘密武器', '趕走', '每', '一片', ' ', '烏雲保護', '著', '你', ' ', ' ', '只要', '你', '願意', '勇敢', '說愛我', ' ', '如果', '你', '也', '是', '這樣', '相信', '那顆', '星星', ' ', '就會', '永遠屬', '於', '你屬', '於', '你', '我', '也', '永遠屬', '於', '你', '不要', '忘記', ' ', '被', '愛也', '有意', '義當', '你', '想起', ' ', '每', '一次', '相聚', '當你懷念', ' ', '我', '小小', '心意', '屬', '於', '我', ' ', ' ', '你', '每個', '晴天', '和', '每個', '壞', '天氣', '我', '的', '微笑', ' ', '也', '會', '永遠屬', '於', '你屬', '於', '你屬', '於', '你']"
Easy Peasy,"['Easy', ' ', 'Peasy']"
"作詞：邱建豪、盧可沛、李建廷、郭哲成作曲：盧可沛、邱建豪又沒帶鑰匙出門去找不到左邊的耳機錢包放哪裡 天開始下雨雨傘迷路在剛剛的捷運手機電量紅色警訊等不到他回我的訊息暈船暈到南極 心變得冷冰冰連行人都用眼神表達同情Today only 這運氣今日限定大口深呼吸還是要 還是要笑著告訴自己Easy peasy, lemon squeezy跌倒的姿勢要帥氣就算狼狽也要率性Easy peasy, lemon squeezy人生不如意十之八七気持ち要鬆不要緊急剎車的公車司機更多更詳盡歌詞 在 ※ Mojim.com　魔鏡歌詞網 喝兩口就打翻的多多綠博愛座的阿姨 表情像燈籠魚往波蘭的機票我立刻下訂Today only 這運氣今日限定再一個深呼吸邊哭邊笑 邊哭邊笑這樣告訴自己Easy peasy, lemon squeezy跌倒的姿勢要帥氣就算狼狽也要率性Easy peasy, lemon squeezy人生不如意十之八七気持ち要鬆不要緊Easy peasy, lemon squeezy跌倒的姿勢要帥氣就算狼狽也要率性Easy peasy, lemon squeezy人生不如意十之八七気持ち要鬆不要緊","['作詞', '：', '邱建豪', '、', '盧可沛', '、', '李建廷', '、', '郭哲成', '作曲', '：', '盧可沛', '、', '邱建豪', '又', '沒帶', '鑰匙', '出門', '去', '找', '不到', '左邊', '的', '耳機', '錢', '包放', '哪裡', ' ', '天開始', '下雨', '雨傘', '迷路', '在', '剛剛', '的', '捷運手', '機電量', '紅色', '警訊', '等', '不到', '他', '回', '我', '的', '訊息暈', '船暈', '到', '南極', ' ', '心變', '得', '冷冰冰', '連', '行人', '都', '用', '眼神', '表達', '同情', 'Today', ' ', 'only', ' ', '這運氣', '今日', '限定', '大', '口', '深呼吸', '還是', '要', ' ', '還是', '要', '笑', '著', '告訴', '自己', 'Easy', ' ', 'peasy', ',', ' ', 'lemon', ' ', 'squeezy', '跌倒', '的', '姿勢', '要', '帥氣', '就算', '狼狽', '也', '要', '率性', 'Easy', ' ', 'peasy', ',', ' ', 'lemon', ' ', 'squeezy', '人生', '不如意', '十之', '八七', '気', '持', 'ち', '要', '鬆', '不要', '緊急', '剎車', '的', '公車', '司機', '更', '多', '更', '詳盡', '歌詞', ' ', '在', ' ', '※', ' ', 'Mojim', '.', 'com', '\u3000', '魔鏡', '歌', '詞網', ' ', '喝', '兩口', '就', '打翻', '的', '多多', '綠博愛座', '的', '阿姨', ' ', '表情', '像', '燈籠', '魚往', '波蘭', '的', '機票', '我', '立刻', '下訂', 'Today', ' ', 'only', ' ', '這運氣', '今日', '限定', '再', '一個', '深呼吸', '邊哭邊', '笑', ' ', '邊哭邊', '笑', '這樣', '告訴', '自己', 'Easy', ' ', 'peasy', ',', ' ', 'lemon', ' ', 'squeezy', '跌倒', '的', '姿勢', '要', '帥氣', '就算', '狼狽', '也', '要', '率性', 'Easy', ' ', 'peasy', ',', ' ', 'lemon', ' ', 'squeezy', '人生', '不如意', '十之', '八七', '気', '持', 'ち', '要', '鬆', '不要', '緊', 'Easy', ' ', 'peasy', ',', ' ', 'lemon', ' ', 'squeezy', '跌倒', '的', '姿勢', '要', '帥氣', '就算', '狼狽', '也', '要', '率性', 'Easy', ' ', 'peasy', ',', ' ', 'lemon', ' ', 'squeezy', '人生', '不如意', '十之', '八七', '気', '持', 'ち', '要', '鬆', '不要', '緊']"
