歌名與歌詞,seg
Easy Peasy,"['Easy', ' ', 'Peasy']"
又沒帶鑰匙出門去,"['又', '沒帶', '鑰匙', '出門', '去']"
找不到左邊的耳機,"['找', '不到', '左邊', '的', '耳機']"
錢包放哪裡 天開始下雨,"['錢', '包放', '哪裡', ' ', '天開始', '下雨']"
雨傘迷路在剛剛的捷運,"['雨傘', '迷路', '在', '剛剛', '的', '捷運']"
手機電量紅色警訊,"['手機', '電量', '紅色', '警訊']"
等不到他回我的訊息,"['等', '不到', '他', '回', '我', '的', '訊息']"
暈船暈到南極 心變得冷冰冰,"['暈船', '暈到', '南極', ' ', '心變', '得', '冷冰冰']"
連行人都用眼神表達同情,"['連', '行人', '都', '用', '眼神', '表達', '同情']"
Today only 這運氣今日限定,"['Today', ' ', 'only', ' ', '這運氣', '今日', '限定']"
大口深呼吸,"['大', '口', '深呼吸']"
還是要 還是要笑著告訴自己,"['還是', '要', ' ', '還是', '要', '笑', '著', '告訴', '自己']"
"Easy peasy, lemon squeezy","['Easy', ' ', 'peasy', ',', ' ', 'lemon', ' ', 'squeezy']"
跌倒的姿勢要帥氣,"['跌倒', '的', '姿勢', '要', '帥氣']"
就算狼狽也要率性,"['就算', '狼狽', '也', '要', '率性']"
"Easy peasy, lemon squeezy","['Easy', ' ', 'peasy', ',', ' ', 'lemon', ' ', 'squeezy']"
人生不如意十之八七,"['人生', '不如意', '十之', '八七']"
?持?要鬆不要緊,"['?', '持', '?', '要', '鬆', '不要', '緊']"
急剎車的公車司機,"['急剎車', '的', '公車', '司機']"
喝兩口就打翻的多多綠,"['喝', '兩口', '就', '打翻', '的', '多多', '綠']"
博愛座的阿姨 表情像燈籠魚,"['博愛座', '的', '阿姨', ' ', '表情', '像', '燈', '籠魚']"
往波蘭的機票我立刻下訂,"['往波蘭', '的', '機票', '我', '立刻', '下訂']"
Today only 這運氣今日限定,"['Today', ' ', 'only', ' ', '這運氣', '今日', '限定']"
再一個深呼吸,"['再', '一個', '深呼吸']"
邊哭邊笑 邊哭邊笑,"['邊哭邊', '笑', ' ', '邊哭邊', '笑']"
這樣告訴自己,"['這樣', '告訴', '自己']"
"Easy peasy, lemon squeezy","['Easy', ' ', 'peasy', ',', ' ', 'lemon', ' ', 'squeezy']"
跌倒的姿勢要帥氣,"['跌倒', '的', '姿勢', '要', '帥氣']"
就算狼狽也要率性,"['就算', '狼狽', '也', '要', '率性']"
"Easy peasy, lemon squeezy","['Easy', ' ', 'peasy', ',', ' ', 'lemon', ' ', 'squeezy']"
人生不如意十之八七,"['人生', '不如意', '十之', '八七']"
?持?要鬆不要緊,"['?', '持', '?', '要', '鬆', '不要', '緊']"
"Easy peasy, lemon squeezy","['Easy', ' ', 'peasy', ',', ' ', 'lemon', ' ', 'squeezy']"
跌倒的姿勢要帥氣,"['跌倒', '的', '姿勢', '要', '帥氣']"
就算狼狽也要率性,"['就算', '狼狽', '也', '要', '率性']"
"Easy peasy, lemon squeezy","['Easy', ' ', 'peasy', ',', ' ', 'lemon', ' ', 'squeezy']"
人生不如意十之八七,"['人生', '不如意', '十之', '八七']"
?持?要鬆不要緊,"['?', '持', '?', '要', '鬆', '不要', '緊']"
零距離,['零距離']
難以忘記,"['難以', '忘記']"
第一次牽起你,"['第一次', '牽起', '你']"
青春的溫度,"['青春', '的', '溫度']"
心跳聲音,"['心跳', '聲音']"
初戀風景 ,"['初戀', '風景', ' ']"
關於你的回憶,"['關於', '你', '的', '回憶']"
無法被代替,"['無法', '被', '代替']"
不成熟的曾經,"['不', '成熟', '的', '曾經']"
失去才懂珍惜,"['失去', '才', '懂', '珍惜']"
時間磨去我們的鋒利,"['時間', '磨', '去', '我們', '的', '鋒利']"
浩瀚星空無垠,"['浩瀚', '星空', '無垠']"
如果能再遇見你,"['如果', '能', '再', '遇見', '你']"
你是否願意再與我同行,"['你', '是否', '願意', '再', '與', '我', '同行']"
零距離一顆星星 兩顆心,"['零距離', '一顆', '星星', ' ', '兩顆', '心']"
三個願望 四不分離,"['三個', '願望', ' ', '四不分', '離']"
午夜看流星雨劃過天際,"['午夜', '看', '流星雨', '劃過', '天際']"
再和你騎著火箭 往前進,"['再', '和', '你', '騎著', '火箭', ' ', '往前', '進']"
把你的美 收藏心底,"['把', '你', '的', '美', ' ', '收藏', '心底']"
你就是我星際旅行的目的地,"['你', '就是', '我星際', '旅行', '的', '目的地']"
已錯過的愛情,"['已', '錯過', '的', '愛情']"
失去才懂珍惜,"['失去', '才', '懂', '珍惜']"
想念 光年外深深佔據,"['想念', ' ', '光年', '外', '深深', '佔據']"
浩瀚星空無垠,"['浩瀚', '星空', '無垠']"
如果能再遇見你,"['如果', '能', '再', '遇見', '你']"
你是否願意再與我同行,"['你', '是否', '願意', '再', '與', '我', '同行']"
零距離一顆星星 兩顆心,"['零距離', '一顆', '星星', ' ', '兩顆', '心']"
三個願望 四不分離,"['三個', '願望', ' ', '四不分', '離']"
午夜看流星雨劃過天際,"['午夜', '看', '流星雨', '劃過', '天際']"
再和你騎著火箭 往前進,"['再', '和', '你', '騎著', '火箭', ' ', '往前', '進']"
把你的美 收藏心底,"['把', '你', '的', '美', ' ', '收藏', '心底']"
你就是我星際旅行的目的地,"['你', '就是', '我星際', '旅行', '的', '目的地']"
穿越蟲洞回到過去,"['穿越', '蟲洞', '回到', '過去']"
讓遺憾 再次美麗,"['讓', '遺憾', ' ', '再次', '美麗']"
零距離一顆星星 兩顆心,"['零距離', '一顆', '星星', ' ', '兩顆', '心']"
三個願望 四不分離,"['三個', '願望', ' ', '四不分', '離']"
午夜看流星雨劃過天際,"['午夜', '看', '流星雨', '劃過', '天際']"
再和你騎著火箭 往前進,"['再', '和', '你', '騎著', '火箭', ' ', '往前', '進']"
把你的美 收藏心底,"['把', '你', '的', '美', ' ', '收藏', '心底']"
你就是我星際旅行的目的地,"['你', '就是', '我星際', '旅行', '的', '目的地']"
屬於你,"['屬', '於', '你']"
每次遇見你 恰好的天氣,"['每次', '遇見', '你', ' ', '恰好', '的', '天氣']"
彷彿 早已 有了默契,"['彷', '彿', ' ', '早已', ' ', '有', '了', '默契']"
隨太陽升起 每朵思念情緒,"['隨太陽', '升起', ' ', '每朵', '思念', '情緒']"
帶著漂浮的自己 幻想牽著你,"['帶著', '漂浮', '的', '自己', ' ', '幻想', '牽著', '你']"
在每個夏季,"['在', '每個', '夏季']"
我會是你特別佳賓,"['我會', '是', '你', '特別', '佳賓']"
設計每一場 驚喜,"['設計', '每', '一場', ' ', '驚喜']"
緊緊擁抱 你每段回憶,"['緊緊', '擁抱', ' ', '你', '每段', '回憶']"
只要別懷疑 默數著 每次 你的呼吸,"['只要', '別懷疑', ' ', '默數', '著', ' ', '每次', ' ', '你', '的', '呼吸']"
我和甜蜜 就會慢慢靠近你 靠近你,"['我', '和', '甜蜜', ' ', '就', '會', '慢慢', '靠近', '你', ' ', '靠近', '你']"
每次道別離 偷偷凝望你,"['每次', '道', '別離', ' ', '偷偷', '凝望', '你']"
再見 用最短的距離,"['再見', ' ', '用', '最', '短', '的', '距離']"
在我的星球 你是萬有引力,"['在', '我', '的', '星球', ' ', '你', '是', '萬', '有', '引力']"
無論再小心仔細 卻已經留下,"['無論', '再', '小心', '仔細', ' ', '卻', '已經', '留下']"
心動的痕跡,"['心動', '的', '痕跡']"
我會是你秘密武器,"['我會', '是', '你', '秘密武器']"
趕走每一片 烏雲,"['趕走', '每', '一片', ' ', '烏', '雲']"
保護著你 只要你願意,"['保護', '著', '你', ' ', '只要', '你', '願意']"
勇敢說愛我 如果你也是這樣相信,"['勇敢', '說愛我', ' ', '如果', '你', '也', '是', '這樣', '相信']"
那顆星星 就會永遠屬於你,"['那顆', '星星', ' ', '就會', '永遠屬', '於', '你']"
屬於你,"['屬', '於', '你']"
我也永遠屬於你,"['我', '也', '永遠屬', '於', '你']"
不要忘記 被愛也有意義,"['不要', '忘記', ' ', '被', '愛也', '有意', '義']"
當你想起 每一次相聚,"['當你', '想起', ' ', '每', '一次', '相聚']"
當你懷念 我小小心意,"['當你懷念', ' ', '我', '小小', '心意']"
屬於我 你每個晴天和每個壞天氣,"['屬', '於', '我', ' ', '你', '每個', '晴天', '和', '每個', '壞', '天氣']"
我的微笑 也會永遠屬於你,"['我', '的', '微笑', ' ', '也', '會', '永遠屬', '於', '你']"
屬於你,"['屬', '於', '你']"
屬於你,"['屬', '於', '你']"
白晝將盡,"['白晝', '將盡']"
信仰荒蕪了城市以後,"['信仰', '荒蕪', '了', '城市', '以', '後']"
人群掙扎索求 氧氣光線都衰弱,"['人群', '掙扎', '索求', ' ', '氧氣', '光線', '都', '衰弱']"
花火的殘燼憤怒依舊,"['花火', '的', '殘燼', '憤怒', '依舊']"
哀哉地控訴竊取時間的小偷,"['哀哉', '地', '控訴', '竊取', '時間', '的', '小偷']"
灰佔據了眼底 抬頭不見星,"['灰佔據', '了', '眼底', ' ', '抬頭', '不見星']"
執迷推遲善意 萬籟皆俱寂,"['執迷', '推遲', '善意', ' ', '萬籟皆俱寂']"
末日醒悟人性 失明才看清,"['末日', '醒悟', '人性', ' ', '失明', '才', '看清']"
白晝將盡 破壞才有生機,"['白晝', '將盡', ' ', '破壞', '才', '有生', '機']"
切莫溫馴地步入良夜,"['切莫', '溫馴', '地', '步入', '良夜']"
焰影裡翩翩起舞的人啊,"['焰', '影裡', '翩翩起舞', '的', '人', '啊']"
掏空了山與海 碎片裡尋找著出口,"['掏空', '了', '山', '與', '海', ' ', '碎片', '裡尋找', '著', '出口']"
懸日枯萎在視線盡頭,"['懸日', '枯萎', '在', '視線', '盡頭']"
最後的禱文 懺悔不曾犯過的錯,"['最後的', '禱文', ' ', '懺悔', '不曾', '犯過', '的', '錯']"
灰佔據了眼底 抬頭不見星,"['灰佔據', '了', '眼底', ' ', '抬頭', '不見星']"
執迷推遲善意 萬籟皆俱寂,"['執迷', '推遲', '善意', ' ', '萬籟皆俱寂']"
末日醒悟人性 失明才看清,"['末日', '醒悟', '人性', ' ', '失明', '才', '看清']"
白晝將盡 破壞才有生機,"['白晝', '將盡', ' ', '破壞', '才', '有生', '機']"
切莫溫馴地步入良夜,"['切莫', '溫馴', '地', '步入', '良夜']"
箴言的嘴 也能將燭火給吹滅,"['箴言', '的', '嘴', ' ', '也', '能', '將燭', '火給', '吹滅']"
造物的手 也可以選擇摧毀,"['造物', '的', '手', ' ', '也', '可以', '選擇', '摧毀']"
箴言的嘴 也能將燭火給吹滅,"['箴言', '的', '嘴', ' ', '也', '能', '將燭', '火給', '吹滅']"
造物的手 也可以選擇摧毀,"['造物', '的', '手', ' ', '也', '可以', '選擇', '摧毀']"
箴言的嘴 也能將燭火給吹滅,"['箴言', '的', '嘴', ' ', '也', '能', '將燭', '火給', '吹滅']"
造物的手 也可以選擇摧毀,"['造物', '的', '手', ' ', '也', '可以', '選擇', '摧毀']"
箴言的嘴 也能將燭火給吹滅,"['箴言', '的', '嘴', ' ', '也', '能', '將燭', '火給', '吹滅']"
造物的手 也可以選擇摧毀,"['造物', '的', '手', ' ', '也', '可以', '選擇', '摧毀']"
Reset,['Reset']
耳朵聽不見音樂 被塞滿垃圾郵件,"['耳朵', '聽不見', '音樂', ' ', '被塞滿', '垃圾', '郵件']"
仇恨言論包圍 怎麼逃出生天,"['仇恨', '言論', '包圍', ' ', '怎麼', '逃出', '生天']"
毒蛇一般的嘴,"['毒蛇', '一般', '的', '嘴']"
爭相嚼食著早顛倒的是非,"['爭相嚼', '食著', '早顛', '倒', '的', '是非']"
噴射酸性毒液 對慾望狼吞虎嚥,"['噴射', '酸性', '毒液', ' ', '對', '慾', '望', '狼吞', '虎', '嚥']"
瞳孔辨不清真偽 被濾鏡瞎了雙眼,"['瞳孔', '辨', '不', '清真', '偽', ' ', '被', '濾鏡', '瞎', '了', '雙眼']"
加塊變色鏡片 醜陋想法難道就變美,"['加塊', '變色', '鏡片', ' ', '醜陋', '想法', '難道', '就', '變美']"
道貌岸然的臉,"['道貌岸然', '的', '臉']"
包藏的禍心卻隱隱在作祟,"['包藏', '的', '禍心', '卻', '隱隱', '在', '作祟']"
過份扭曲的世界 誰來按下重啟鍵,"['過份', '扭曲', '的', '世界', ' ', '誰', '來', '按', '下重', '啟鍵']"
關掉蠻橫的自卑,"['關掉', '蠻橫', '的', '自卑']"
關掉病態的自戀,"['關掉', '病態', '的', '自戀']"
關掉暴力和偏見 堆砌的霸權,"['關掉', '暴力', '和', '偏見', ' ', '堆砌', '的', '霸權']"
關掉多數的奪掠,"['關掉', '多數', '的', '奪', '掠']"
關掉虛偽的假面,"['關掉', '虛偽', '的', '假面']"
關掉甜膩的謊言,"['關掉', '甜膩', '的', '謊言']"
關掉鱷魚的眼淚,"['關掉', '鱷魚', '的', '眼淚']"
蒸餾出的罰與罪,"['蒸餾出', '的', '罰', '與', '罪']"
關掉一切,"['關掉', '一切']"
"Reset, Reset, Reset, Reset……","['Reset', ',', ' ', 'Reset', ',', ' ', 'Reset', ',', ' ', 'Reset', '…', '…']"
"Reset, Reset, Reset, Reset……","['Reset', ',', ' ', 'Reset', ',', ' ', 'Reset', ',', ' ', 'Reset', '…', '…']"
道貌岸然的臉,"['道貌岸然', '的', '臉']"
包藏的禍心卻隱隱在作祟,"['包藏', '的', '禍心', '卻', '隱隱', '在', '作祟']"
窮凶惡極的世界,"['窮凶', '惡極', '的', '世界']"
誰來按下重啟鍵,"['誰', '來', '按', '下重', '啟鍵']"
關掉蠻橫的自卑,"['關掉', '蠻橫', '的', '自卑']"
關掉病態的自戀,"['關掉', '病態', '的', '自戀']"
關掉暴力和偏見 堆砌的霸權,"['關掉', '暴力', '和', '偏見', ' ', '堆砌', '的', '霸權']"
關掉多數的奪掠,"['關掉', '多數', '的', '奪', '掠']"
關掉虛偽的假面,"['關掉', '虛偽', '的', '假面']"
關掉甜膩的謊言,"['關掉', '甜膩', '的', '謊言']"
關掉鱷魚的眼淚,"['關掉', '鱷魚', '的', '眼淚']"
蒸餾出的罰與罪,"['蒸餾出', '的', '罰', '與', '罪']"
關掉一切,"['關掉', '一切']"
關掉對立的標籤,"['關掉', '對立', '的', '標', '籤']"
關掉藏刺的笑靨,"['關掉', '藏', '刺', '的', '笑靨']"
關掉人們流的血 灌溉的花蕊,"['關掉', '人們', '流', '的', '血', ' ', '灌溉', '的', '花蕊']"
關掉互相傷害的行為,"['關掉', '互相', '傷害', '的', '行為']"
關掉無止盡的慾念,"['關掉', '無止', '盡', '的', '慾', '念']"
關掉無止盡的傷悲,"['關掉', '無止', '盡', '的', '傷悲']"
關掉遺憾的重演,"['關掉', '遺憾', '的', '重演']"
關掉昨天和明天,"['關掉', '昨天', '和', '明天']"
打開今天,"['打開', '今天']"
打開今天,"['打開', '今天']"
打開今天,"['打開', '今天']"
打開今天,"['打開', '今天']"
門,['門']
關於我們該往哪走 總眾說紜紛,"['關於', '我們', '該', '往', '哪', '走', ' ', '總眾', '說', '紜', '紛']"
左不過熱度三分 右是太天真,"['左不過', '熱度', '三分', ' ', '右', '是', '太天真']"
關於我們該怎麼做 誰置喙太深,"['關於', '我們', '該', '怎麼', '做', ' ', '誰', '置喙', '太深']"
究竟是玩火自焚 還是開創者,"['究竟', '是', '玩火自焚', ' ', '還是', '開', '創者']"
誰也說不準,"['誰', '也', '說', '不準']"
時代的巨輪 不停轉著 轉著,"['時代', '的', '巨輪', ' ', '不停', '轉著', ' ', '轉著']"
都什麼時候了,"['都', '什麼', '時候', '了']"
醒著等待不如夢遊著往前 狂奔,"['醒著', '等待', '不如', '夢遊著', '往前', ' ', '狂奔']"
用力推開那一扇門,"['用力', '推開', '那', '一扇', '門']"
橫衝直撞那又如何,"['橫衝', '直撞', '那', '又', '如何']"
疼痛證明活著,"['疼痛', '證明', '活著']"
悲傷幸運都是訪客,"['悲傷', '幸運', '都', '是', '訪客']"
好壞不需要誰認可,"['好壞', '不', '需要', '誰', '認可']"
選擇我的選擇,"['選擇', '我', '的', '選擇']"
誰知道下一扇門 通往哪裡呢,"['誰', '知道', '下', '一扇', '門', ' ', '通往', '哪裡', '呢']"
總要闖了才曉得,"['總要', '闖', '了', '才曉得']"
生命的旅程 多蜿蜒曲折,"['生命', '的', '旅程', ' ', '多', '蜿蜒', '曲折']"
可若不曾走過 怎麼留下一些什麼,"['可若', '不曾', '走過', ' ', '怎麼', '留下', '一些', '什麼']"
用力推開那一扇門,"['用力', '推開', '那', '一扇', '門']"
橫衝直撞那又如何,"['橫衝', '直撞', '那', '又', '如何']"
疼痛證明活著,"['疼痛', '證明', '活著']"
悲傷幸運都是訪客,"['悲傷', '幸運', '都', '是', '訪客']"
好壞不需要誰認可,"['好壞', '不', '需要', '誰', '認可']"
選擇我的選擇,"['選擇', '我', '的', '選擇']"
誰知道下一扇門 通往哪裡呢,"['誰', '知道', '下', '一扇', '門', ' ', '通往', '哪裡', '呢']"
總要闖了才曉得,"['總要', '闖', '了', '才曉得']"
關於我們該往哪走 關於我們該怎麼做,"['關於', '我們', '該', '往', '哪', '走', ' ', '關於', '我們', '該', '怎麼', '做']"
關於我們該往哪走 關於我們該怎麼活,"['關於', '我們', '該', '往', '哪', '走', ' ', '關於', '我們', '該', '怎麼', '活']"
關於我們該往哪走 總眾說紜紛,"['關於', '我們', '該', '往', '哪', '走', ' ', '總眾', '說', '紜', '紛']"
關於我們該怎麼做 誰置喙太深,"['關於', '我們', '該', '怎麼', '做', ' ', '誰', '置喙', '太深']"
關於我們該往哪走 有誰來揣測,"['關於', '我們', '該', '往', '哪', '走', ' ', '有', '誰', '來', '揣測']"
關於我們該怎麼活 該怎麼選擇,"['關於', '我們', '該', '怎麼', '活', ' ', '該', '怎麼', '選擇']"
我知道 就夠了 我要,"['我', '知道', ' ', '就夠', '了', ' ', '我要']"
用力推開那一扇門,"['用力', '推開', '那', '一扇', '門']"
橫衝直撞滿身傷痕,"['橫衝', '直撞', '滿身', '傷痕']"
至少我很快樂,"['至少', '我', '很快', '樂']"
悲傷幸運都是過程,"['悲傷', '幸運', '都', '是', '過程']"
好壞有我自己認可,"['好壞', '有', '我', '自己', '認可']"
選擇我的選擇,"['選擇', '我', '的', '選擇']"
誰知道下一扇門 通往哪裡呢,"['誰', '知道', '下', '一扇', '門', ' ', '通往', '哪裡', '呢']"
絕對值,['絕對值']
用一堂課 解一道題,"['用', '一堂', '課', ' ', '解', '一道', '題']"
用幾年青春 換不出我們的謎底,"['用', '幾年', '青春', ' ', '換不出', '我們', '的', '謎', '底']"
麈封日記 歪斜筆跡,"['麈', '封日記', ' ', '歪斜', '筆跡']"
十七歲的秘密計算著我們的距離,"['十七', '歲', '的', '秘密', '計算著', '我們', '的', '距離']"
解不開的難題 原來是你,"['解不開', '的', '難題', ' ', '原來', '是', '你']"
明明曾經靠近 我卻自作聰明,"['明明', '曾經', '靠近', ' ', '我', '卻', '自作', '聰明']"
推不出的邏輯 為何是你,"['推不出', '的', '邏輯', ' ', '為何', '是', '你']"
深藏抽屜裡寫滿我遺憾的筆記,"['深藏', '抽屜', '裡寫', '滿', '我', '遺憾', '的', '筆記']"
你的身影 遙不可及,"['你', '的', '身影', ' ', '遙', '不可', '及']"
偶爾的關心 多溫柔卻銳利,"['偶爾', '的', '關心', ' ', '多溫', '柔', '卻', '銳利']"
友情愛情 幾分之幾,"['友情', '愛情', ' ', '幾分', '之', '幾']"
遲遲無法下筆 困在你給的圓周裡,"['遲遲', '無法', '下筆', ' ', '困在', '你給', '的', '圓周裡']"
解不開的難題 原來是你,"['解不開', '的', '難題', ' ', '原來', '是', '你']"
明明曾經靠近 我卻自作聰明,"['明明', '曾經', '靠近', ' ', '我', '卻', '自作', '聰明']"
推不出的邏輯 為何是你,"['推不出', '的', '邏輯', ' ', '為何', '是', '你']"
深藏抽屜裡寫滿我遺憾的筆記,"['深藏', '抽屜', '裡寫', '滿', '我', '遺憾', '的', '筆記']"
把負數變為正數,"['把', '負數', '變為', '正數']"
畫上絕對值就能得出,"['畫上', '絕對值', '就', '能', '得出']"
卻卻不能 把不愛我的你,"['卻', '卻', '不能', ' ', '把', '不愛我', '的', '你']"
變成 愛我的,"['變成', ' ', '愛我', '的']"
得不到的愛情 原來是你,"['得不到', '的', '愛情', ' ', '原來', '是', '你']"
就別再過份好奇 答案早已透明,"['就別', '再', '過份', '好奇', ' ', '答案', '早已', '透明']"
圓不了的結局 為何是你,"['圓', '不了', '的', '結局', ' ', '為何', '是', '你']"
淡去的背影 嘲笑我 多無能為力,"['淡去', '的', '背影', ' ', '嘲笑', '我', ' ', '多無能', '為力']"
我反芻著你留下的寂寞,"['我', '反芻著', '你', '留下', '的', '寂寞']"
我反芻著你留下的寂寞,"['我', '反芻著', '你', '留下', '的', '寂寞']"
以為終究能消化成自由,"['以為', '終究能', '消化', '成', '自由']"
而你已不回頭 你已不回頭,"['而', '你', '已', '不', '回頭', ' ', '你', '已', '不', '回頭']"
我為何還原地守候,"['我為', '何還', '原地', '守候']"
在每個午夜的夢 複習著你溫柔,"['在', '每個', '午夜', '的', '夢', ' ', '複', '習著', '你', '溫柔']"
夜色已漸濃 我隻身穿梭迷霧中,"['夜色', '已', '漸濃', ' ', '我', '隻', '身', '穿梭', '迷霧', '中']"
探尋你消失的行蹤,"['探尋', '你', '消失', '的', '行', '蹤']"
閃爍的路燈 不斷警告著我,"['閃爍', '的', '路', '燈', ' ', '不斷', '警告', '著', '我']"
別再深究 你離去的理由,"['別', '再', '深究', ' ', '你', '離', '去', '的', '理由']"
我反芻著你留下的寂寞,"['我', '反芻著', '你', '留下', '的', '寂寞']"
以為終究能消化成自由,"['以為', '終究能', '消化', '成', '自由']"
而你已不回頭 你已不回頭,"['而', '你', '已', '不', '回頭', ' ', '你', '已', '不', '回頭']"
我為何還原地守候,"['我為', '何還', '原地', '守候']"
在每個午夜的夢 複習著你溫柔,"['在', '每個', '午夜', '的', '夢', ' ', '複', '習著', '你', '溫柔']"
是我太執著 還是你也留戀卻不說,"['是我太', '執著', ' ', '還是', '你', '也', '留戀', '卻', '不', '說']"
貪婪至此不願放手 成了思念的魔,"['貪婪', '至此', '不願', '放手', ' ', '成', '了', '思念', '的', '魔']"
是我太執著 還是你也留戀卻不說,"['是我太', '執著', ' ', '還是', '你', '也', '留戀', '卻', '不', '說']"
貪婪至此不願放手 成了思念的魔,"['貪婪', '至此', '不願', '放手', ' ', '成', '了', '思念', '的', '魔']"
是我太執著 還是你也留戀卻不說,"['是我太', '執著', ' ', '還是', '你', '也', '留戀', '卻', '不', '說']"
貪婪至此不願放手 成了思念的魔,"['貪婪', '至此', '不願', '放手', ' ', '成', '了', '思念', '的', '魔']"
是我太執著 還是你也留戀卻不說,"['是我太', '執著', ' ', '還是', '你', '也', '留戀', '卻', '不', '說']"
貪婪至此不願放手 成了思念的魔,"['貪婪', '至此', '不願', '放手', ' ', '成', '了', '思念', '的', '魔']"
我反芻著你留下的寂寞,"['我', '反芻著', '你', '留下', '的', '寂寞']"
以為終究能消化成自由,"['以為', '終究能', '消化', '成', '自由']"
而你已不回頭 你已不回頭,"['而', '你', '已', '不', '回頭', ' ', '你', '已', '不', '回頭']"
我為何還原地守候,"['我為', '何還', '原地', '守候']"
在每個午夜的夢 複習著你溫柔,"['在', '每個', '午夜', '的', '夢', ' ', '複', '習著', '你', '溫柔']"
到什麼時候 我才能向前走,"['到', '什麼', '時候', ' ', '我', '才能', '向前走']"
今天星期六,"['今天', '星期六']"
今天星期六 Wake up without 鬧鐘,"['今天', '星期六', ' ', 'Wake', ' ', 'up', ' ', 'without', ' ', '鬧鐘']"
正午的太陽有點兇 直穿我被窩,"['正午', '的', '太陽', '有點', '兇', ' ', '直穿', '我', '被', '窩']"
賴床再一個鐘頭,"['賴床', '再', '一個', '鐘頭']"
讓疲憊像塵?一樣一掃而空,"['讓', '疲憊', '像', '塵', '?', '一樣', '一掃', '而', '空']"
今天星期六 Why I feel so alone,"['今天', '星期六', ' ', 'Why', ' ', 'I', ' ', 'feel', ' ', 'so', ' ', 'alone']"
都已經過十二點鐘 電話還沒通,"['都', '已', '經過', '十二', '點鐘', ' ', '電話', '還沒通']"
心裡有我還沒我,"['心裡', '有', '我', '還沒', '我']"
好天氣竟然讓我一個人放空,"['好', '天氣', '竟然', '讓', '我', '一個', '人', '放空']"
"Oh my Saturday,","['Oh', ' ', 'my', ' ', 'Saturday', ',']"
it's not the Saturday of yours,"['it', ""'"", 's', ' ', 'not', ' ', 'the', ' ', 'Saturday', ' ', 'of', ' ', 'yours']"
為什麼不懂我 難道愛我都是在吹牛,"['為', '什麼', '不', '懂', '我', ' ', '難道', '愛我', '都', '是', '在', '吹牛']"
"Oh my Saturday,","['Oh', ' ', 'my', ' ', 'Saturday', ',']"
不想再有期待 anymore,"['不想', '再有', '期待', ' ', 'anymore']"
但是下一個週末 還是想牽你去兜兜風,"['但是', '下一個', '週末', ' ', '還是', '想', '牽', '你', '去', '兜兜', '風']"
今天星期六 Put on my fancy coat,"['今天', '星期六', ' ', 'Put', ' ', 'on', ' ', 'my', ' ', 'fancy', ' ', 'coat']"
提前到了你家門口 還梳個油頭,"['提前', '到', '了', '你家', '門口', ' ', '還梳個', '油頭']"
電鈴按半個鐘頭,"['電鈴', '按半個', '鐘頭']"
等著仙女下凡怎麼一個人也沒有,"['等', '著', '仙女下凡', '怎麼', '一個', '人', '也', '沒', '有']"
今天星期六 On my way to salon,"['今天', '星期六', ' ', 'On', ' ', 'my', ' ', 'way', ' ', 'to', ' ', 'salon']"
提前就約了好朋友 from San Francisco,"['提前', '就', '約', '了', '好', '朋友', ' ', 'from', ' ', 'San', ' ', 'Francisco']"
想說今天難得週六,"['想', '說', '今天', '難得', '週六']"
讓你睡到自然醒 怎麼手機突然震動,"['讓', '你', '睡', '到', '自然', '醒', ' ', '怎麼', '手機', '突然', '震動']"
"Oh my Saturday,","['Oh', ' ', 'my', ' ', 'Saturday', ',']"
it's not the Saturday of yours,"['it', ""'"", 's', ' ', 'not', ' ', 'the', ' ', 'Saturday', ' ', 'of', ' ', 'yours']"
為什麼不懂我 難道愛我都是在吹牛,"['為', '什麼', '不', '懂', '我', ' ', '難道', '愛我', '都', '是', '在', '吹牛']"
"Oh my Saturday,","['Oh', ' ', 'my', ' ', 'Saturday', ',']"
不想再有期待 anymore,"['不想', '再有', '期待', ' ', 'anymore']"
但是下一個週末 還是想牽你去兜兜風,"['但是', '下一個', '週末', ' ', '還是', '想', '牽', '你', '去', '兜兜', '風']"
我看不清 是真愛還是暈,"['我', '看不清', ' ', '是', '真愛還', '是暈']"
就快星期一 還不發生點新奇的事情 到底？,"['就', '快', '星期一', ' ', '還不發', '生點', '新奇', '的', '事情', ' ', '到底', '？']"
我不想要每個週六 都不知道你在做什麼,"['我', '不', '想要', '每個', '週六', ' ', '都', '不', '知道', '你', '在', '做', '什麼']"
只看著美美的你 在沒我的照片 吃小美冰淇淋,"['只', '看', '著', '美美', '的', '你', ' ', '在', '沒', '我', '的', '照片', ' ', '吃小美', '冰淇淋']"
你不該忘記我們的第一次見面,"['你', '不該', '忘記', '我們', '的', '第一次', '見面']"
小鹿亂撞到午夜,"['小鹿', '亂', '撞', '到', '午夜']"
"Oh my Saturday,","['Oh', ' ', 'my', ' ', 'Saturday', ',']"
I just wanna make it also yours,"['I', ' ', 'just', ' ', 'wanna', ' ', 'make', ' ', 'it', ' ', 'also', ' ', 'yours']"
想配合你更多 怎麼好像反而有點囧,"['想', '配合', '你', '更', '多', ' ', '怎麼', '好像', '反而', '有點', '囧']"
"Oh my Saturday,","['Oh', ' ', 'my', ' ', 'Saturday', ',']"
it's ok coz I'll always be yours,"['it', ""'"", 's', ' ', 'ok', ' ', 'coz', ' ', 'I', ""'"", 'll', ' ', 'always', ' ', 'be', ' ', 'yours']"
下個星期六 還是一樣想你到發瘋,"['下個', '星期六', ' ', '還是', '一樣', '想', '你', '到', '發瘋']"
我就想你,"['我', '就', '想', '你']"
我想要你在我身邊,"['我', '想要', '你', '在', '我', '身邊']"
但距離怎麼看不清,"['但', '距離', '怎麼', '看不清']"
一陣秋風竄進了被窩,"['一陣秋風', '竄', '進', '了', '被', '窩']"
又閉上眼睛,"['又', '閉上', '眼睛']"
自己說原諒那些我們錯過的事,"['自己', '說', '原諒', '那些', '我們', '錯過', '的', '事']"
心隨著時間滴答在漂流,"['心', '隨著', '時間', '滴答', '在', '漂流']"
看著不同的生活裡,"['看著', '不同', '的', '生活', '裡']"
找尋共同的記憶,"['找尋', '共同', '的', '記憶']"
試著學會再相信愛情,"['試著', '學會', '再', '相信', '愛情']"
忘記了什麼時候,"['忘記', '了', '什麼', '時候']"
開始把你說的每一句話放在心上,"['開始', '把', '你', '說', '的', '每', '一句', '話', '放在心上']"
才發現原來很久沒這樣,"['才', '發現', '原來', '很', '久', '沒', '這樣']"
閉上眼看天空,"['閉上', '眼看', '天空']"
看不見記憶中那種浪漫,"['看不見', '記憶', '中', '那種', '浪漫']"
而是那說不出,"['而是', '那', '說', '不出']"
我真的好喜歡你的遺憾,"['我', '真的', '好', '喜歡', '你', '的', '遺憾']"
不是我懷疑 而是我在意,"['不是', '我', '懷疑', ' ', '而是', '我', '在意']"
我只是在意你有沒有一樣在意我,"['我', '只是', '在意', '你', '有', '沒', '有', '一樣', '在意', '我']"
到頭來 想著你的笑容是我最幸福的時候,"['到', '頭來', ' ', '想著', '你', '的', '笑容', '是', '我', '最', '幸福', '的', '時候']"
又同樣回到,"['又', '同樣', '回到']"
上一個下不停的大雨中,"['上', '一個', '下', '不停', '的', '大雨', '中']"
左邊肩膀這次沒濕透,"['左邊', '肩膀', '這次', '沒濕透']"
我戴著耳機,"['我', '戴', '著耳機']"
躲避著不同世界的人群,"['躲避', '著', '不同', '世界', '的', '人群']"
再一次 聽可能和妳相同的旋律,"['再', '一次', ' ', '聽', '可能', '和', '妳', '相同', '的', '旋律']"
你在哪裡 我想你,"['你', '在', '哪裡', ' ', '我', '想', '你']"
簡單的幾句不夠表明,"['簡單', '的', '幾句', '不夠', '表明']"
將所有思念藏在這支筆,"['將', '所有', '思念', '藏', '在', '這支筆']"
習慣了你習慣的,"['習慣', '了', '你', '習慣', '的']"
每個傷 每個步調 每個你不想要,"['每個傷', ' ', '每個', '步調', ' ', '每個', '你', '不', '想要']"
人走了一樣什麼都還在,"['人', '走', '了', '一樣', '什麼', '都', '還在']"
閉上眼看天空,"['閉上', '眼看', '天空']"
看不見記憶中那種浪漫,"['看不見', '記憶', '中', '那種', '浪漫']"
而是那說不出,"['而是', '那', '說', '不出']"
我真的好喜歡你的遺憾,"['我', '真的', '好', '喜歡', '你', '的', '遺憾']"
不是我懷疑 而是我在意,"['不是', '我', '懷疑', ' ', '而是', '我', '在意']"
我只是在意你有沒有一樣在意我,"['我', '只是', '在意', '你', '有', '沒', '有', '一樣', '在意', '我']"
到頭來 想著你的笑容是我最幸福的時候,"['到', '頭來', ' ', '想著', '你', '的', '笑容', '是', '我', '最', '幸福', '的', '時候']"
閉上眼看天空,"['閉上', '眼看', '天空']"
看不見記憶中那種浪漫,"['看不見', '記憶', '中', '那種', '浪漫']"
而是那說不出,"['而是', '那', '說', '不出']"
我真的真的好喜歡 好喜歡你呦,"['我', '真的', '真的', '好', '喜歡', ' ', '好', '喜歡', '你', '呦']"
就算是過了很久,"['就算', '是過', '了', '很', '久']"
回到那依舊,"['回到', '那依舊']"
情不自禁的想著你的笑容,"['情不自禁', '的', '想', '著', '你', '的', '笑容']"
好方法,"['好', '方法']"
有沒有什麼好方法,"['有', '沒', '有', '什麼', '好', '方法']"
把討厭的你給遺忘,"['把', '討厭', '的', '你給', '遺忘']"
不懂愛情的傻瓜,"['不', '懂', '愛情', '的', '傻瓜']"
有沒有什麼好方法,"['有', '沒', '有', '什麼', '好', '方法']"
讓幼稚的你能長大,"['讓', '幼稚', '的', '你', '能長', '大']"
把冰塊融化 把木頭變太陽,"['把', '冰塊', '融化', ' ', '把', '木頭', '變太陽']"
你什麼都好 但就是有個地方,"['你', '什麼', '都', '好', ' ', '但', '就是', '有個', '地方']"
特別讓人牙癢癢,"['特別', '讓', '人牙癢', '癢']"
要曖昧多久 才能讓你的心也不再流浪,"['要', '曖昧', '多久', ' ', '才能', '讓', '你', '的', '心', '也', '不再', '流浪']"
我一直在想 有沒有什麼好方法,"['我', '一直', '在', '想', ' ', '有', '沒', '有', '什麼', '好', '方法']"
每一個晚上 翻來又覆去直到天亮,"['每一個', '晚上', ' ', '翻來', '又', '覆去', '直到', '天亮']"
美好的想像 在腦海裡像電影般循環播放,"['美好', '的', '想像', ' ', '在', '腦海裡', '像', '電影般', '循環', '播放']"
"Oh, they tell me it's love","['Oh', ',', ' ', 'they', ' ', 'tell', ' ', 'me', ' ', 'it', ""'"", 's', ' ', 'love']"
"Yeah, they tell me it is love","['Yeah', ',', ' ', 'they', ' ', 'tell', ' ', 'me', ' ', 'it', ' ', 'is', ' ', 'love']"
有沒有什麼好方法,"['有', '沒', '有', '什麼', '好', '方法']"
把你的笑好好珍藏,"['把', '你', '的', '笑', '好好', '珍藏']"
我就想守護 你這個大寶藏,"['我', '就', '想', '守護', ' ', '你', '這個', '大寶藏']"
你什麼都好 但就是有個地方,"['你', '什麼', '都', '好', ' ', '但', '就是', '有個', '地方']"
特別讓人牙癢癢,"['特別', '讓', '人牙癢', '癢']"
要曖昧多久 才能讓你的心也不再流浪,"['要', '曖昧', '多久', ' ', '才能', '讓', '你', '的', '心', '也', '不再', '流浪']"
我一直在想 有沒有什麼好方法,"['我', '一直', '在', '想', ' ', '有', '沒', '有', '什麼', '好', '方法']"
鼓起勇氣吧 好不容易走到你身旁,"['鼓起', '勇氣', '吧', ' ', '好不容易', '走到', '你', '身旁']"
又說不出話 看著你我就變成了臉紅的啞巴,"['又', '說', '不', '出話', ' ', '看著', '你', '我', '就', '變成', '了', '臉紅', '的', '啞巴']"
"Oh, they tell me it's love","['Oh', ',', ' ', 'they', ' ', 'tell', ' ', 'me', ' ', 'it', ""'"", 's', ' ', 'love']"
"Yeah, they tell me it is love","['Yeah', ',', ' ', 'they', ' ', 'tell', ' ', 'me', ' ', 'it', ' ', 'is', ' ', 'love']"
你是不是還在等一個很好的天氣,"['你', '是不是', '還在', '等', '一個', '很', '好', '的', '天氣']"
(非常晴朗的天氣),"['(', '非常', '晴朗', '的', '天氣', ')']"
你是不是還在等一個很美的風景,"['你', '是不是', '還在', '等', '一個', '很', '美的', '風景']"
(或許在某個花園裡),"['(', '或許', '在', '某個', '花園裡', ')']"
你是不是還在等一個很好很好的人,"['你', '是不是', '還在', '等', '一個', '很', '好', '很', '好', '的', '人']"
那就是我 我就在這裡,"['那', '就是', '我', ' ', '我', '就', '在', '這裡']"
現在告訴我 你也願意,"['現在', '告訴', '我', ' ', '你', '也', '願意']"
我一直在想 有沒有什麼好方法,"['我', '一直', '在', '想', ' ', '有', '沒', '有', '什麼', '好', '方法']"
每一個晚上 翻來又覆去直到天亮,"['每一個', '晚上', ' ', '翻來', '又', '覆去', '直到', '天亮']"
美好的想像 在腦海裡像電影般循環播放,"['美好', '的', '想像', ' ', '在', '腦海裡', '像', '電影般', '循環', '播放']"
"Oh, they tell me it's love","['Oh', ',', ' ', 'they', ' ', 'tell', ' ', 'me', ' ', 'it', ""'"", 's', ' ', 'love']"
And I know that it is love,"['And', ' ', 'I', ' ', 'know', ' ', 'that', ' ', 'it', ' ', 'is', ' ', 'love']"
一定會的,"['一定', '會', '的']"
熙來攘往人群中 向左向右或停留,"['熙來', '攘往', '人群', '中', ' ', '向', '左向右', '或', '停留']"
下一個轉彎路口 通往貧瘠或肥沃,"['下一個', '轉彎', '路口', ' ', '通往', '貧瘠', '或', '肥沃']"
我走得顛簸卻自由,"['我', '走', '得', '顛簸', '卻', '自由']"
手心緊握不放鬆 是抓住希望或傷痛,"['手心', '緊握', '不', '放', '鬆', ' ', '是', '抓住', '希望', '或', '傷痛']"
能再相信嗎 能再相信嗎,"['能', '再', '相信', '嗎', ' ', '能', '再', '相信', '嗎']"
一定會的 我對自己這麼說,"['一定', '會', '的', ' ', '我', '對', '自己', '這麼', '說']"
一定會的 曙光驅散那灰濛的天空,"['一定', '會', '的', ' ', '曙光', '驅散', '那', '灰濛', '的', '天空']"
一定會的 蔚藍之下盛開彩色的夢,"['一定', '會', '的', ' ', '蔚藍', '之下', '盛開', '彩色', '的', '夢']"
寬容 你眼中不夠成熟的我,"['寬容', ' ', '你', '眼中', '不夠', '成熟', '的', '我']"
執意把勇氣揮霍 才感到光榮,"['執意', '把', '勇氣揮', '霍', ' ', '才', '感到', '光榮']"
生命如綿長阡陌 必經歷蜿蜒迷惑,"['生命', '如綿長', '阡陌', ' ', '必經歷', '蜿蜒', '迷惑']"
才懂得微笑理由,"['才', '懂得', '微笑', '理由']"
珍惜擁有 也得失去過才懂,"['珍惜', '擁有', ' ', '也', '得', '失去', '過才', '懂']"
別怕我傷得太重 我一定會犯錯,"['別怕', '我', '傷得', '太重', ' ', '我', '一定', '會', '犯錯']"
卻也一定會再成長很多,"['卻', '也', '一定', '會', '再', '成長', '很多']"
請放心地看著我 陪著我享受其中,"['請', '放心', '地', '看', '著', '我', ' ', '陪著', '我', '享受', '其中']"
再繼續繼續往前走,"['再', '繼續', '繼續', '往前走']"
一定會的 曙光驅散那灰濛的天空,"['一定', '會', '的', ' ', '曙光', '驅散', '那', '灰濛', '的', '天空']"
一定會的 蔚藍之下盛開彩色的夢,"['一定', '會', '的', ' ', '蔚藍', '之下', '盛開', '彩色', '的', '夢']"
寬容 你眼中不夠完整的我,"['寬容', ' ', '你', '眼中', '不夠', '完整', '的', '我']"
執意把勇氣揮霍 才不覺錯過,"['執意', '把', '勇氣揮', '霍', ' ', '才', '不覺', '錯過']"
一定會的 就算風雨反覆明滅燭火,"['一定', '會', '的', ' ', '就算', '風雨', '反覆', '明滅', '燭火']"
一定會的 顫抖著描繪生命的輪廓,"['一定', '會', '的', ' ', '顫抖', '著', '描繪', '生命', '的', '輪廓']"
承諾 再辛苦也要一起走過,"['承諾', ' ', '再', '辛苦', '也', '要', '一起', '走過']"
穿越黑夜的盡頭 讓故事雋永,"['穿越', '黑夜', '的', '盡頭', ' ', '讓', '故事', '雋', '永']"
在地球爆炸之前,"['在', '地球', '爆炸', '之前']"
冰河期如果都結束了 為什麼心不是熱的,"['冰河期', '如果', '都', '結束', '了', ' ', '為', '什麼', '心', '不是', '熱的']"
大洪水如果都退去了 為什麼我還窒息著,"['大', '洪水', '如果', '都', '退去', '了', ' ', '為', '什麼', '我還', '窒息', '著']"
世界必然有黑暗 一定也有光明存在,"['世界', '必然', '有', '黑暗', ' ', '一定', '也', '有', '光明', '存在']"
我是這樣相信著,"['我', '是', '這樣', '相信', '著']"
你說你也想要很好 但總是擔心做不到,"['你', '說', '你', '也', '想要', '很', '好', ' ', '但', '總', '是', '擔心', '做', '不到']"
想狩獵驕傲和榮耀 卻害怕搆不著目標,"['想', '狩獵', '驕傲', '和', '榮耀', ' ', '卻', '害怕', '搆', '不', '著', '目', '標']"
生命必然有挫折 一定也有美好發生,"['生命', '必然', '有', '挫折', ' ', '一定', '也', '有', '美好', '發生']"
何不努力讓渴望成真,"['何不', '努力', '讓', '渴望', '成', '真']"
勇氣是唯一的方舟,"['勇氣', '是', '唯一', '的', '方舟']"
裝載音樂 充填笑容,"['裝載', '音樂', ' ', '充填', '笑容']"
倒數三秒 開始行動,"['倒數', '三秒', ' ', '開', '始行', '動']"
在地球爆炸之前 我們還有多少時間,"['在', '地球', '爆炸', '之前', ' ', '我們', '還有', '多少', '時間']"
口袋裡願望沒實現 現在就是最好機會,"['口袋', '裡願望', '沒', '實現', ' ', '現在', '就是', '最好', '機會']"
不准你猶豫不決,"['不准', '你', '猶豫', '不決']"
有翅膀就要飛 有翅膀就飛,"['有', '翅膀', '就要', '飛', ' ', '有', '翅膀', '就', '飛']"
在地球爆炸之前 再來一場華麗冒險,"['在', '地球', '爆炸', '之前', ' ', '再來', '一場', '華麗', '冒險']"
偉大不一定卓越 有時只要瘋狂一點點,"['偉大', '不', '一定', '卓越', ' ', '有時', '只要', '瘋狂', '一點點']"
讓衝動自由蔓延 跨越夢的奇異點,"['讓', '衝動', '自由', '蔓延', ' ', '跨越', '夢', '的', '奇異點']"
腦海裡的藍圖多的很 什麼時候才能完成,"['腦海裡', '的', '藍圖', '多', '的', '很', ' ', '什麼', '時候', '才能', '完成']"
天殺的計畫又怎麼了 突如其來什麼波折,"['天殺', '的', '計畫', '又', '怎麼', '了', ' ', '突', '如其', '來什麼', '波折']"
旅程必然會迷惘 誰不是一路跌跌撞撞,"['旅程', '必然', '會', '迷惘', ' ', '誰', '不是', '一路', '跌跌撞撞']"
由徬徨走向了堅強,"['由', '徬徨', '走向', '了', '堅強']"
勇氣是唯一的方舟,"['勇氣', '是', '唯一', '的', '方舟']"
裝載音樂 充填笑容,"['裝載', '音樂', ' ', '充填', '笑容']"
倒數三秒 開始行動,"['倒數', '三秒', ' ', '開', '始行', '動']"
在地球爆炸之前 我們還有多少時間,"['在', '地球', '爆炸', '之前', ' ', '我們', '還有', '多少', '時間']"
口袋裡願望沒實現 現在就是最好機會,"['口袋', '裡願望', '沒', '實現', ' ', '現在', '就是', '最好', '機會']"
不准你猶豫不決,"['不准', '你', '猶豫', '不決']"
有翅膀就要飛 有翅膀就飛,"['有', '翅膀', '就要', '飛', ' ', '有', '翅膀', '就', '飛']"
在地球爆炸之前 再來一場華麗冒險,"['在', '地球', '爆炸', '之前', ' ', '再來', '一場', '華麗', '冒險']"
偉大不一定卓越 有時只要瘋狂一點點,"['偉大', '不', '一定', '卓越', ' ', '有時', '只要', '瘋狂', '一點點']"
讓衝動自由蔓延 跨越夢的奇異點,"['讓', '衝動', '自由', '蔓延', ' ', '跨越', '夢', '的', '奇異點']"
在地球爆炸之前 我們還有多少時間,"['在', '地球', '爆炸', '之前', ' ', '我們', '還有', '多少', '時間']"
恐龍們會不會也後悔當初有夢沒實現,"['恐龍們', '會', '不會', '也後悔', '當初', '有', '夢', '沒', '實現']"
心裡的火山煮沸,"['心裡', '的', '火山', '煮沸']"
生命就該浪費 在美好瞬間,"['生命', '就', '該', '浪費', ' ', '在', '美好', '瞬間']"
在地球爆炸之前 再來一場華麗冒險,"['在', '地球', '爆炸', '之前', ' ', '再來', '一場', '華麗', '冒險']"
有你陪在我身邊 就不怕再瘋狂一點點,"['有', '你', '陪', '在', '我', '身邊', ' ', '就', '不怕', '再', '瘋狂', '一點點']"
讓衝動自由蔓延 跨越夢的奇異點,"['讓', '衝動', '自由', '蔓延', ' ', '跨越', '夢', '的', '奇異點']"
太陽雨,['太陽雨']
雨聲淋濕了單人床,"['雨聲', '淋濕', '了', '單人床']"
吵醒了光線微弱的房,"['吵醒', '了', '光線', '微弱', '的', '房']"
貓咪說：再不起床會變胖,"['貓咪', '說', '：', '再', '不', '起床', '會變', '胖']"
於是起身推開窗,"['於', '是', '起身', '推開', '窗']"
想不起昨天陽光耀眼,"['想不起', '昨天', '陽光', '耀眼']"
今天的雨突然下得瘋癲,"['今天', '的', '雨', '突然', '下得', '瘋癲']"
我說：哎 這不就是台北,"['我', '說', '：', '哎', ' ', '這不', '就是', '台北']"
啦啦啦啦啦啦 你就下吧,"['啦', '啦', '啦', '啦', '啦', '啦', ' ', '你', '就', '下', '吧']"
你可以帶走憂傷,"['你', '可以', '帶', '走', '憂傷']"
你不能帶走我的倔強,"['你', '不能', '帶', '走', '我', '的', '倔強']"
啦啦啦啦啦啦 你就下吧,"['啦', '啦', '啦', '啦', '啦', '啦', ' ', '你', '就', '下', '吧']"
你儘管怎麼張狂,"['你', '儘', '管', '怎', '麼', '張', '狂']"
我就是我的晴朗,"['我', '就是', '我', '的', '晴朗']"
空氣中潮濕的氣味,"['空氣', '中潮', '濕', '的', '氣味']"
配上戒不掉的咖啡,"['配上', '戒', '不', '掉', '的', '咖啡']"
待辦事項總是一大堆,"['待', '辦事項', '總是', '一大堆']"
卻忍不住一直拖延,"['卻', '忍不住', '一直', '拖延']"
窗外天色一片灰黑,"['窗外', '天色', '一片', '灰黑']"
但夢想是住在心裡面,"['但夢想', '是', '住', '在', '心裡面']"
你說：只有自己能實現,"['你', '說', '：', '只有', '自己', '能', '實現']"
啦啦啦啦啦啦 你就下吧,"['啦', '啦', '啦', '啦', '啦', '啦', ' ', '你', '就', '下', '吧']"
你可以帶走憂傷,"['你', '可以', '帶', '走', '憂傷']"
你不能帶走我的倔強,"['你', '不能', '帶', '走', '我', '的', '倔強']"
啦啦啦啦啦啦 你就下吧,"['啦', '啦', '啦', '啦', '啦', '啦', ' ', '你', '就', '下', '吧']"
你儘管怎麼張狂,"['你', '儘', '管', '怎', '麼', '張', '狂']"
我就是我的晴朗,"['我', '就是', '我', '的', '晴朗']"
啦啦啦啦啦啦 你就下吧,"['啦', '啦', '啦', '啦', '啦', '啦', ' ', '你', '就', '下', '吧']"
你可以帶走憂傷,"['你', '可以', '帶', '走', '憂傷']"
你不能帶走我的倔強,"['你', '不能', '帶', '走', '我', '的', '倔強']"
啦啦啦啦啦啦 你就下吧,"['啦', '啦', '啦', '啦', '啦', '啦', ' ', '你', '就', '下', '吧']"
你儘管怎麼張狂,"['你', '儘', '管', '怎', '麼', '張', '狂']"
我就是我的晴朗,"['我', '就是', '我', '的', '晴朗']"
我要用黑魔法把你變成一隻魚,"['我要', '用', '黑魔法', '把', '你', '變成', '一', '隻', '魚']"
我要用黑魔法把你變成一隻魚,"['我要', '用', '黑魔法', '把', '你', '變成', '一', '隻', '魚']"
有著炫彩斑斕的孔雀尾巴,"['有', '著', '炫', '彩斑', '斕', '的', '孔雀', '尾巴']"
頭頂掛著燈籠 亮晶晶,"['頭頂', '掛著', '燈籠', ' ', '亮晶晶']"
我要用黑魔法把你變成一隻魚,"['我要', '用', '黑魔法', '把', '你', '變成', '一', '隻', '魚']"
圓的扁的胖的都可以,"['圓的', '扁', '的', '胖', '的', '都', '可以']"
再送你一顆深海大鳳梨當玩具,"['再', '送', '你', '一顆', '深海', '大鳳梨當', '玩具']"
魚 你在我的腦海裡游來游去,"['魚', ' ', '你', '在', '我', '的', '腦海裡', '游來', '游去']"
魚 察覺不到我溶化在水裡,"['魚', ' ', '察覺', '不到', '我', '溶化', '在', '水裡']"
我是優雅的空氣,"['我', '是', '優雅', '的', '空氣']"
啊 啊 如果你變成了魚,"['啊', ' ', '啊', ' ', '如果', '你', '變成', '了魚']"
而我也變成了空氣,"['而', '我', '也', '變成', '了', '空氣']"
我們就不必再分離,"['我們', '就', '不必', '再', '分離']"
啊 啊 如果你是魚我是空氣,"['啊', ' ', '啊', ' ', '如果', '你', '是魚', '我', '是', '空氣']"
我就是你看似不必須卻不可或缺的,"['我', '就是', '你', '看似', '不必', '須卻', '不可或缺', '的']"
我要用黑魔法把你變成一隻魚,"['我要', '用', '黑魔法', '把', '你', '變成', '一', '隻', '魚']"
你用氣泡吐出一句我愛你,"['你', '用', '氣泡', '吐出', '一句', '我', '愛', '你']"
美好結局可不可以不只在夢裡,"['美好', '結局', '可不可以', '不', '只', '在', '夢裡']"
魚 你在我的腦海裡游來游去,"['魚', ' ', '你', '在', '我', '的', '腦海裡', '游來', '游去']"
魚 察覺不到我溶化在水裡,"['魚', ' ', '察覺', '不到', '我', '溶化', '在', '水裡']"
我是優雅的空氣,"['我', '是', '優雅', '的', '空氣']"
啊 啊 如果你變成了魚,"['啊', ' ', '啊', ' ', '如果', '你', '變成', '了魚']"
而我也變成了空氣,"['而', '我', '也', '變成', '了', '空氣']"
我們就不必再分離,"['我們', '就', '不必', '再', '分離']"
啊 啊 如果你是魚我是空氣,"['啊', ' ', '啊', ' ', '如果', '你', '是魚', '我', '是', '空氣']"
我就是你看似不必須卻不可或缺的,"['我', '就是', '你', '看似', '不必', '須卻', '不可或缺', '的']"
再一次就好,"['再', '一次', '就', '好']"
反覆地溫習 你留下的痕跡,"['反覆', '地', '溫習', ' ', '你', '留下', '的', '痕跡']"
總能讓我感到安心,"['總能', '讓', '我', '感到', '安心']"
外套和日記 手錶或眼鏡,"['外套', '和', '日記', ' ', '手', '錶', '或', '眼鏡']"
裝載你的氣息和我的回憶,"['裝載', '你', '的', '氣息', '和', '我', '的', '回憶']"
獨處的房間裡 我側耳傾聽,"['獨處', '的', '房間裡', ' ', '我側', '耳', '傾', '聽']"
以為是你聲音,"['以為', '是', '你', '聲音']"
卻是窗外微風 吹動的風鈴,"['卻', '是', '窗外', '微風', ' ', '吹動', '的', '風鈴']"
嘲笑著我心又漾起漣漪,"['嘲笑', '著', '我心', '又', '漾', '起', '漣漪']"
墜入時間漩渦裡,"['墜入', '時間', '漩', '渦裡']"
看著你 不必多說什麼也會微笑,"['看著', '你', ' ', '不必', '多', '說', '什麼', '也', '會', '微笑']"
喜歡你 回望著我也上揚的嘴角,"['喜歡', '你', ' ', '回望', '著', '我', '也', '上揚', '的', '嘴角']"
再一次就好 我想我做得到,"['再', '一次', '就', '好', ' ', '我', '想', '我', '做', '得到']"
勇敢去擁有我們的美好,"['勇敢', '去', '擁有', '我們', '的', '美好']"
每個熟悉街景 都是你身影,"['每個', '熟悉', '街景', ' ', '都', '是', '你', '身影']"
雲淡究竟怎麼風輕,"['雲淡', '究竟', '怎麼', '風輕']"
眼淚已隨時間 逐漸地乾涸,"['眼淚', '已', '隨時間', ' ', '逐漸', '地乾涸']"
記憶裡的你卻越發清澈,"['記憶裡', '的', '你', '卻', '越發', '清澈']"
依然讓我心動著,"['依然', '讓', '我心', '動著']"
看著你 不必多說什麼也會微笑,"['看著', '你', ' ', '不必', '多', '說', '什麼', '也', '會', '微笑']"
喜歡你 回望著我也上揚的嘴角,"['喜歡', '你', ' ', '回望', '著', '我', '也', '上揚', '的', '嘴角']"
再一次就好 我想我做得到,"['再', '一次', '就', '好', ' ', '我', '想', '我', '做', '得到']"
勇敢去擁有我們的美好,"['勇敢', '去', '擁有', '我們', '的', '美好']"
喜歡你 就算旁人說有多麼可笑,"['喜歡', '你', ' ', '就算', '旁人', '說', '有', '多麼', '可笑']"
愛著你 就算世界與我為敵也好,"['愛著', '你', ' ', '就算', '世界', '與', '我', '為', '敵', '也好']"
再一次就好 我一定做得到,"['再', '一次', '就', '好', ' ', '我', '一定', '做', '得到']"
勇敢去擁有我們的美好,"['勇敢', '去', '擁有', '我們', '的', '美好']"
這一次換我守護你 好不好,"['這', '一次', '換我守護', '你', ' ', '好不好']"
撲火的蝶,"['撲火', '的', '蝶']"
白日裡的螢火蟲,"['白日', '裡的', '螢火蟲']"
照著鏡子看著自己認不得,"['照著', '鏡子', '看著', '自己', '認', '不得']"
笑得再五光十色,"['笑', '得', '再', '五光十色']"
好不獨特空有對翅膀又如何,"['好', '不', '獨特空', '有', '對', '翅膀', '又', '如何']"
溫室裡的玫瑰,"['溫室裡', '的', '玫瑰']"
再鮮豔不過調色盤上一滴血,"['再鮮', '豔', '不過', '調色盤', '上', '一滴', '血']"
演著孤芳自賞自艾自憐,"['演著', '孤芳', '自賞', '自艾', '自憐']"
再精彩不過是類似你的左邊右邊,"['再', '精彩', '不過', '是', '類似', '你', '的', '左邊', '右邊']"
還不如當隻撲火的蝶,"['還', '不如', '當', '隻', '撲', '火', '的', '蝶']"
他們都說你錯了 你不該撲火的,"['他們', '都', '說', '你', '錯', '了', ' ', '你', '不', '該', '撲', '火', '的']"
沒什麼 不過是有點特別,"['沒什麼', ' ', '不過', '是', '有點', '特別']"
還不如當隻撲火的蝶,"['還', '不如', '當', '隻', '撲', '火', '的', '蝶']"
自得其樂好過無人知曉的凋萎,"['自得', '其樂好', '過無人', '知曉', '的', '凋萎']"
沒什麼 我就是有點特別,"['沒什麼', ' ', '我', '就是', '有點', '特別']"
沒什麼 我就是不想隨便地告別,"['沒什麼', ' ', '我', '就是', '不想', '隨便', '地', '告別']"
溫室裡的玫瑰,"['溫室裡', '的', '玫瑰']"
再鮮豔不過調色盤上一滴血,"['再鮮', '豔', '不過', '調色盤', '上', '一滴', '血']"
演著孤芳自賞自艾自憐,"['演著', '孤芳', '自賞', '自艾', '自憐']"
再精彩不過是類似你的左邊右邊,"['再', '精彩', '不過', '是', '類似', '你', '的', '左邊', '右邊']"
還不如當隻撲火的蝶,"['還', '不如', '當', '隻', '撲', '火', '的', '蝶']"
他們都說你錯了 你不該撲火的,"['他們', '都', '說', '你', '錯', '了', ' ', '你', '不', '該', '撲', '火', '的']"
沒什麼 不過是有點特別,"['沒什麼', ' ', '不過', '是', '有點', '特別']"
還不如當隻撲火的蝶,"['還', '不如', '當', '隻', '撲', '火', '的', '蝶']"
自得其樂好過無人知曉的凋萎,"['自得', '其樂好', '過無人', '知曉', '的', '凋萎']"
沒什麼 我就是有點特別,"['沒什麼', ' ', '我', '就是', '有點', '特別']"
沒什麼 我就是不想隨便地告別,"['沒什麼', ' ', '我', '就是', '不想', '隨便', '地', '告別']"
愚者,['愚者']
旅行的起點不需要形狀,"['旅行', '的', '起點', '不', '需要', '形狀']"
只要心已經開始流浪,"['只要', '心已', '經開始', '流浪']"
他背起行囊 裝進天真理想,"['他', '背起', '行囊', ' ', '裝進', '天真', '理想']"
手中的地圖沒標示方向,"['手中', '的', '地圖', '沒', '標示', '方向']"
只有與生俱來的渴望,"['只有', '與', '生俱來', '的', '渴望']"
沒想過投降 混蛋一樣地闖,"['沒想過', '投降', ' ', '混蛋', '一樣', '地', '闖']"
受了傷還不停下 人們笑愚者多傻,"['受', '了', '傷還', '不停', '下', ' ', '人們', '笑', '愚者', '多', '傻']"
但不在乎終點模樣 才能開始得漂亮,"['但', '不在乎', '終點', '模樣', ' ', '才能', '開', '始得', '漂亮']"
在每一個今天的笑容中醒來,"['在', '每', '一個', '今天', '的', '笑容', '中醒', '來']"
跨過昨日眼淚匯集的港灣,"['跨過', '昨日', '眼淚', '匯集', '的', '港灣']"
傻裡傻氣地在 每一個今天的夢想中醒來,"['傻裡', '傻氣', '地', '在', ' ', '每一個', '今天', '的', '夢', '想', '中醒', '來']"
放手所有過去未來 只擁抱此刻的燦爛,"['放手', '所有', '過去', '未來', ' ', '只', '擁抱', '此刻', '的', '燦爛']"
旅行的起點不需要形狀,"['旅行', '的', '起點', '不', '需要', '形狀']"
只要心已經開始流浪,"['只要', '心已', '經開始', '流浪']"
他背起行囊 裝進天真理想,"['他', '背起', '行囊', ' ', '裝進', '天真', '理想']"
手中的地圖沒標示方向,"['手中', '的', '地圖', '沒', '標示', '方向']"
只有與生俱來的渴望,"['只有', '與', '生俱來', '的', '渴望']"
沒想過投降 混蛋一樣地闖,"['沒想過', '投降', ' ', '混蛋', '一樣', '地', '闖']"
受了傷還不停下 人們笑愚者多傻,"['受', '了', '傷還', '不停', '下', ' ', '人們', '笑', '愚者', '多', '傻']"
但不在乎終點模樣 才能開始得漂亮,"['但', '不在乎', '終點', '模樣', ' ', '才能', '開', '始得', '漂亮']"
在每一個今天的笑容中醒來,"['在', '每', '一個', '今天', '的', '笑容', '中醒', '來']"
跨過昨日眼淚匯集的港灣,"['跨過', '昨日', '眼淚', '匯集', '的', '港灣']"
傻裡傻氣地在 每一個今天的夢想中醒來,"['傻裡', '傻氣', '地', '在', ' ', '每一個', '今天', '的', '夢', '想', '中醒', '來']"
放手所有過去未來 只擁抱此刻的燦爛,"['放手', '所有', '過去', '未來', ' ', '只', '擁抱', '此刻', '的', '燦爛']"
在每一個今天的笑容中醒來,"['在', '每', '一個', '今天', '的', '笑容', '中醒', '來']"
跨過昨日眼淚匯集的港灣,"['跨過', '昨日', '眼淚', '匯集', '的', '港灣']"
傻裡傻氣地在 每一個今天的夢想中醒來,"['傻裡', '傻氣', '地', '在', ' ', '每一個', '今天', '的', '夢', '想', '中醒', '來']"
放手所有過去未來 只擁抱此刻的燦爛,"['放手', '所有', '過去', '未來', ' ', '只', '擁抱', '此刻', '的', '燦爛']"
行星,['行星']
沒有行李 沒有目的 一個人旅行,"['沒有', '行李', ' ', '沒有', '目的', ' ', '一個', '人', '旅行']"
在無邊黑暗裡 直到耗盡勇氣,"['在', '無邊', '黑暗', '裡', ' ', '直到', '耗盡', '勇氣']"
卻無人回應,"['卻', '無人', '回應']"
忘記了呼吸 直到誰的溫熱把我喚醒,"['忘記', '了', '呼吸', ' ', '直到', '誰', '的', '溫熱', '把', '我', '喚醒']"
指引卻無法觸及,"['指引', '卻', '無法觸', '及']"
那絕對的距離 投射光芒的你,"['那絕', '對', '的', '距離', ' ', '投射', '光芒', '的', '你']"
我獨自盤旋在看得見你的軌道,"['我', '獨自盤', '旋', '在', '看', '得', '見', '你', '的', '軌道']"
仰望著你一圈再一圈的圍繞,"['仰望', '著', '你', '一圈', '再', '一圈', '的', '圍繞']"
我不能靠近 卻也不願遠離,"['我', '不能', '靠近', ' ', '卻', '也', '不願', '遠離']"
習慣在你影子裡遊戲我的孤寂,"['習慣', '在', '你', '影子', '裡遊戲', '我', '的', '孤寂']"
你成為了定律我放棄了時間,"['你', '成為', '了', '定律', '我放棄', '了', '時間']"
轉過了一天過了一季過一年,"['轉過', '了', '一天', '過了', '一季', '過', '一年']"
你一如往常發著光 而我就這樣,"['你', '一如', '往常', '發著光', ' ', '而', '我', '就', '這樣']"
安靜地被遺忘,"['安靜', '地被', '遺忘']"
我獨自盤旋在看得見你的軌道,"['我', '獨自盤', '旋', '在', '看', '得', '見', '你', '的', '軌道']"
仰望著你一圈再一圈的圍繞,"['仰望', '著', '你', '一圈', '再', '一圈', '的', '圍繞']"
我不能靠近 卻也不願遠離,"['我', '不能', '靠近', ' ', '卻', '也', '不願', '遠離']"
習慣在你影子裡遊戲我的孤寂,"['習慣', '在', '你', '影子', '裡遊戲', '我', '的', '孤寂']"
你成為了定律我放棄了時間,"['你', '成為', '了', '定律', '我放棄', '了', '時間']"
轉過了一天過了一季過一年,"['轉過', '了', '一天', '過了', '一季', '過', '一年']"
你一如往常發著光 而我就這樣,"['你', '一如', '往常', '發著光', ' ', '而', '我', '就', '這樣']"
安靜地被遺忘,"['安靜', '地被', '遺忘']"
我沉睡時幻想 你就在我身旁,"['我', '沉睡', '時', '幻想', ' ', '你', '就', '在', '我', '身旁']"
清醒卻發現 你仍然遠方,"['清醒', '卻', '發現', ' ', '你', '仍然', '遠方']"
你聽見了嗎 我在這裡歌唱,"['你', '聽', '見', '了', '嗎', ' ', '我', '在', '這裡', '歌唱']"
一個人一個星球等待你一個回答,"['一個', '人', '一個', '星球', '等待', '你', '一個', '回答']"
也許有天時間把願望都埋葬,"['也', '許有', '天時間', '把', '願望', '都', '埋葬']"
只留下我為你踱步的殘響,"['只', '留下', '我', '為', '你', '踱步', '的', '殘響']"
你一如往常發著光 而我就這樣,"['你', '一如', '往常', '發著光', ' ', '而', '我', '就', '這樣']"
安靜地被遺忘,"['安靜', '地被', '遺忘']"
滿足地被遺忘,"['滿足', '地被', '遺忘']"
幸福的被遺忘,"['幸福', '的', '被', '遺忘']"
騎士墜鬼馬,"['騎士', '墜', '鬼', '馬']"
二十八號 下午六點 尷尬的硬幣在口袋裡憋,"['二十八', '號', ' ', '下午', '六點', ' ', '尷尬', '的', '硬幣', '在', '口袋', '裡', '憋']"
撕掉了又一頁日曆 蓋上又一碗泡麵,"['撕掉', '了', '又', '一頁', '日', '曆', ' ', '蓋', '上', '又', '一碗', '泡', '麵']"
破吉他在一邊 鑲的珠貝像從前耀眼,"['破', '吉他', '在', '一邊', ' ', '鑲', '的', '珠貝像', '從', '前', '耀眼']"
它從沒改變 從沒改變,"['它', '從', '沒', '改變', ' ', '從', '沒', '改變']"
作文紙上 我的志願 什麼時候變成樁天大謊言,"['作文', '紙上', ' ', '我', '的', '志願', ' ', '什麼', '時候', '變成', '樁', '天大', '謊言']"
夢有保存期限 生活不能刷卡就只能付現,"['夢有', '保存', '期限', ' ', '生活', '不能', '刷卡', '就', '只能', '付現']"
能不再給我幾天 也許就一首歌的時間,"['能', '不再', '給我', '幾天', ' ', '也許', '就', '一首歌', '的', '時間']"
和我同病相憐 同病相憐,"['和', '我', '同病', '相憐', ' ', '同病', '相憐']"
騎士墜鬼馬 你要帶我飛向何方,"['騎士', '墜', '鬼', '馬', ' ', '你', '要', '帶', '我', '飛向', '何方']"
海市蜃樓還是香格里拉,"['海市', '蜃樓', '還是', '香格里拉']"
時間的籌碼 全梭了太不像話,"['時間', '的', '籌碼', ' ', '全梭', '了', '太', '不', '像', '話']"
世界別讓我看著自己的靈魂死亡,"['世界', '別', '讓', '我', '看', '著', '自己', '的', '靈魂', '死亡']"
誰還記得從前從前,"['誰', '還記', '得', '從', '前', '從', '前']"
好結局的童話上演不上演,"['好', '結局', '的', '童話', '上演', '不', '上演']"
真心話大冒險 真心沒了硬著頭皮大冒險,"['真心', '話', '大', '冒險', ' ', '真心', '沒', '了', '硬', '著頭', '皮大', '冒險']"
讓我再許一個願 許他們白頭偕老不分別,"['讓', '我', '再', '許一個', '願', ' ', '許他們', '白頭', '偕老', '不分別']"
時代的冷屁股 和我的熱臉,"['時代', '的', '冷', '屁股', ' ', '和', '我', '的', '熱臉']"
騎士墜鬼馬 你要帶我飛向何方,"['騎士', '墜', '鬼', '馬', ' ', '你', '要', '帶', '我', '飛向', '何方']"
海市蜃樓還是香格里拉,"['海市', '蜃樓', '還是', '香格里拉']"
時間的籌碼 全梭了太不像話,"['時間', '的', '籌碼', ' ', '全梭', '了', '太', '不', '像', '話']"
世界別讓我看著自己的靈魂死亡,"['世界', '別', '讓', '我', '看', '著', '自己', '的', '靈魂', '死亡']"
希望失望 盼望絕望,"['希望', '失望', ' ', '盼望', '絕望']"
相同的程式碼 複製相同的傻瓜,"['相同', '的', '程式', '碼', ' ', '複', '製', '相同', '的', '傻瓜']"
傻瓜不傻 傻瓜很棒,"['傻瓜', '不', '傻', ' ', '傻瓜', '很棒']"
在絕望裡記得最初的希望,"['在', '絕望裡', '記得', '最初', '的', '希望']"
騎士墜鬼馬 不管你飛向什麼鬼地方,"['騎士', '墜', '鬼', '馬', ' ', '不管', '你', '飛向', '什麼', '鬼', '地方']"
我都恣意放肆大聲歌唱,"['我', '都', '恣意', '放肆', '大聲', '歌唱']"
時間的籌碼 全梭了那又怎麼樣,"['時間', '的', '籌碼', ' ', '全梭', '了', '那', '又', '怎麼樣']"
最起碼不必看著自己的靈魂死亡,"['最起碼', '不必', '看著', '自己', '的', '靈魂', '死亡']"
你討厭也沒關係,"['你', '討厭', '也', '沒關', '係']"
我是怎麼了 又礙著你煩著你了,"['我', '是', '怎麼', '了', ' ', '又礙', '著', '你', '煩著', '你', '了']"
莫名其妙的沒有來由的 又要對我發脾氣了,"['莫名其妙', '的', '沒', '有', '來', '由', '的', ' ', '又', '要', '對', '我', '發脾氣', '了']"
你是怎麼了 不想再說對不起了,"['你', '是', '怎麼', '了', ' ', '不想', '再', '說', '對', '不起', '了']"
沒做錯什麼可愛又認真 到底哪裡惹到你了,"['沒', '做', '錯什麼', '可愛又認', '真', ' ', '到底', '哪裡', '惹', '到', '你', '了']"
吃了炸藥 就待在家好好休息,"['吃', '了', '炸藥', ' ', '就', '待', '在家', '好好', '休息']"
如果更年期...... (你討厭我我更討厭你醜八怪),"['如果', '更年期', '......', ' ', '(', '你', '討厭', '我', '我', '更', '討厭', '你', '醜八怪', ')']"
被你討厭也沒關係 反正我也不是生來討你開心,"['被', '你', '討厭', '也', '沒關', '係', ' ', '反正', '我', '也', '不是', '生來', '討', '你', '開心']"
我就要做自己 麻煩你滾一邊去,"['我', '就要', '做', '自己', ' ', '麻煩', '你', '滾', '一邊', '去']"
你越討厭我越開心 被你這種人喜歡我才要擔心,"['你', '越', '討厭', '我', '越', '開心', ' ', '被', '你', '這種', '人', '喜歡', '我', '才', '要', '擔心']"
我是不是和你 一樣頭殼有問題,"['我', '是不是', '和', '你', ' ', '一樣', '頭殼', '有', '問題']"
你是怎麼了 不想再說對不起了,"['你', '是', '怎麼', '了', ' ', '不想', '再', '說', '對', '不起', '了']"
沒做錯什麼可愛又認真 到底哪裡惹到你了,"['沒', '做', '錯什麼', '可愛又認', '真', ' ', '到底', '哪裡', '惹', '到', '你', '了']"
吃了炸藥 就待在家好好休息,"['吃', '了', '炸藥', ' ', '就', '待', '在家', '好好', '休息']"
如果更年期......,"['如果', '更年期', '......']"
被你討厭也沒關係 反正我也不是生來討你開心,"['被', '你', '討厭', '也', '沒關', '係', ' ', '反正', '我', '也', '不是', '生來', '討', '你', '開心']"
我就要做自己 麻煩你滾一邊去,"['我', '就要', '做', '自己', ' ', '麻煩', '你', '滾', '一邊', '去']"
你越討厭我越開心 被你這種人喜歡我才要擔心,"['你', '越', '討厭', '我', '越', '開心', ' ', '被', '你', '這種', '人', '喜歡', '我', '才', '要', '擔心']"
我是不是和你 一樣頭殼有問題,"['我', '是不是', '和', '你', ' ', '一樣', '頭殼', '有', '問題']"
你現在就給我閉嘴 從今天起我再也不要,"['你現', '在', '就給', '我', '閉嘴', ' ', '從', '今天', '起', '我', '再也', '不要']"
再也不要逆來順受,"['再也', '不要', '逆來', '順受']"
我要以牙還牙以眼還眼以毒攻毒一二三四五六七八,"['我要', '以牙', '還牙', '以眼', '還眼', '以毒攻毒', '一二三四五', '六', '七八']"
賞你一巴掌 喔耶,"['賞你', '一巴掌', ' ', '喔', '耶']"
被你討厭也沒關係 反正我也不是生來討你開心,"['被', '你', '討厭', '也', '沒關', '係', ' ', '反正', '我', '也', '不是', '生來', '討', '你', '開心']"
我就要做自己 麻煩你滾一邊去,"['我', '就要', '做', '自己', ' ', '麻煩', '你', '滾', '一邊', '去']"
我比你討厭我討厭你 被你這種人喜歡我才要擔心,"['我', '比', '你', '討厭', '我', '討厭', '你', ' ', '被', '你', '這種', '人', '喜歡', '我', '才', '要', '擔心']"
我是不是和你 一樣頭殼有問題 你的頭殼有問題,"['我', '是不是', '和', '你', ' ', '一樣', '頭殼', '有', '問題', ' ', '你', '的', '頭殼', '有', '問題']"
我就是討厭你,"['我', '就是', '討厭', '你']"
不能寂寞的人,"['不能', '寂寞', '的', '人']"
我們好像 都是那種不能寂寞的人,"['我們', '好像', ' ', '都', '是', '那種', '不能', '寂寞', '的', '人']"
不能一個人走在台北街頭的人,"['不能', '一個', '人', '走', '在', '台北', '街頭', '的', '人']"
霓虹燈造的夜色 鮮豔得很冰冷,"['霓虹', '燈造', '的', '夜色', ' ', '鮮', '豔', '得', '很', '冰冷']"
誰都無法取代你擁抱的體溫,"['誰', '都', '無法', '取代', '你', '擁抱', '的', '體溫']"
我們好像 都是那種不能寂寞的人,"['我們', '好像', ' ', '都', '是', '那種', '不能', '寂寞', '的', '人']"
不能沒說晚安就做好夢的人,"['不能', '沒說', '晚安', '就', '做好', '夢', '的', '人']"
沉默的月亮看著 睡不著也醒不來的,"['沉默', '的', '月亮', '看著', ' ', '睡不著', '也', '醒', '不來', '的']"
我 我們 需要彼此的我們,"['我', ' ', '我們', ' ', '需要', '彼此', '的', '我們']"
再也不能寂寞了 自從愛介入我們,"['再也不能', '寂寞', '了', ' ', '自從', '愛', '介入', '我們']"
也許時空暫時區隔 想念牽引著每個時刻,"['也', '許時', '空暫', '時區', '隔', ' ', '想念', '牽引著', '每個', '時刻']"
再也不會寂寞了 好的未來就要來了,"['再也', '不會', '寂寞', '了', ' ', '好', '的', '未來', '就要', '來', '了']"
相信著美好 它正在發生,"['相信', '著', '美好', ' ', '它', '正在', '發生']"
再也不會寂寞了,"['再也', '不會', '寂寞', '了']"
我們好像 都是那種不能寂寞的人,"['我們', '好像', ' ', '都', '是', '那種', '不能', '寂寞', '的', '人']"
不能獨自在咖啡廳等待日落的人,"['不能', '獨自', '在', '咖啡', '廳', '等待', '日落', '的', '人']"
一杯全糖的溫熱 卻還是苦澀,"['一杯', '全糖', '的', '溫熱', ' ', '卻', '還是', '苦澀']"
只是因為 一個人少了一個人,"['只是', '因為', ' ', '一個', '人少', '了', '一個', '人']"
再也不能寂寞了 自從愛介入我們,"['再也不能', '寂寞', '了', ' ', '自從', '愛', '介入', '我們']"
也許時空暫時區隔 想念牽引著每個時刻,"['也', '許時', '空暫', '時區', '隔', ' ', '想念', '牽引著', '每個', '時刻']"
再也不會寂寞了 好的未來就要來了,"['再也', '不會', '寂寞', '了', ' ', '好', '的', '未來', '就要', '來', '了']"
相信著美好 它正在發生,"['相信', '著', '美好', ' ', '它', '正在', '發生']"
再也不會寂寞了,"['再也', '不會', '寂寞', '了']"
我在沒有你的城市 追逐著你的影子,"['我', '在', '沒', '有', '你', '的', '城市', ' ', '追逐', '著', '你', '的', '影子']"
傻傻期待 每一個你光臨的日子,"['傻傻', '期待', ' ', '每一個', '你', '光臨', '的', '日子']"
愛著你 我成了不能寂寞的人,"['愛著', '你', ' ', '我成', '了', '不能', '寂寞', '的', '人']"
再也無法習慣一個人,"['再也', '無法', '習慣', '一個', '人']"
再也不能寂寞了 自從愛介入我們,"['再也不能', '寂寞', '了', ' ', '自從', '愛', '介入', '我們']"
也許時空暫時區隔 想念牽引著每個時刻,"['也', '許時', '空暫', '時區', '隔', ' ', '想念', '牽引著', '每個', '時刻']"
再也不會寂寞了 好的未來就要來了,"['再也', '不會', '寂寞', '了', ' ', '好', '的', '未來', '就要', '來', '了']"
相信著美好 它正在發生,"['相信', '著', '美好', ' ', '它', '正在', '發生']"
再也不會寂寞了,"['再也', '不會', '寂寞', '了']"
兩人的美好 總會到達的,"['兩人', '的', '美好', ' ', '總會', '到', '達', '的']"
只要我們深愛著,"['只要', '我們', '深愛著']"
我是你的Bling Bling,"['我', '是', '你', '的', 'Bling', ' ', 'Bling']"
我是你的Bling Bling,"['我', '是', '你', '的', 'Bling', ' ', 'Bling']"
沒什麼道理 只想做你新男傭,"['沒什麼', '道理', ' ', '只想', '做', '你', '新', '男傭']"
再告訴你個秘密,"['再', '告訴', '你', '個', '秘密']"
少了你擁有世界也不算什麼,"['少', '了', '你', '擁有', '世界', '也', '不算', '什麼']"
So baby just go chilling with my body,"['So', ' ', 'baby', ' ', 'just', ' ', 'go', ' ', 'chilling', ' ', 'with', ' ', 'my', ' ', 'body']"
Let music be amazing,"['Let', ' ', 'music', ' ', 'be', ' ', 'amazing']"
現在只想你聽我說,"['現在', '只', '想', '你', '聽', '我', '說']"
讓我成為你的Bling Bling,"['讓', '我', '成為', '你', '的', 'Bling', ' ', 'Bling']"
"Be my girl, cuz I love u and u know know know","['Be', ' ', 'my', ' ', 'girl', ',', ' ', 'cuz', ' ', 'I', ' ', 'love', ' ', 'u', ' ', 'and', ' ', 'u', ' ', 'know', ' ', 'know', ' ', 'know']"
又比鬧鐘早起 又不想梳妝整理,"['又', '比鬧鐘', '早起', ' ', '又', '不想', '梳妝', '整理']"
該不該穿個襯衫 頭髮點兒彎彎,"['該', '不該', '穿個', '襯衫', ' ', '頭', '髮', '點兒', '彎', '彎']"
太矮再配個Martin,"['太矮', '再配', '個', 'Martin']"
每天都是我的主場秀 為你精心準備我的主場秀,"['每天', '都', '是', '我', '的', '主場秀', ' ', '為', '你', '精心', '準備', '我', '的', '主場秀']"
拿著麥克風 我跟我自己說,"['拿著', '麥克風', ' ', '我', '跟', '我', '自己', '說']"
沒有觀眾也給你看個脫口秀,"['沒有', '觀眾', '也給', '你', '看個', '脫口秀']"
你不懂070802 藏著多少秘密排列組合,"['你', '不', '懂', '070802', ' ', '藏著', '多少', '秘密', '排列', '組合']"
何不就你聽我唱如何 跟著旋律定義這個時刻,"['何不', '就', '你', '聽', '我', '唱', '如何', ' ', '跟', '著', '旋律', '定義這個', '時刻']"
"I say wait, give me one more second","['I', ' ', 'say', ' ', 'wait', ',', ' ', 'give', ' ', 'me', ' ', 'one', ' ', 'more', ' ', 'second']"
Me and Bestards wanna kill it on the stage,"['Me', ' ', 'and', ' ', 'Bestards', ' ', 'wanna', ' ', 'kill', ' ', 'it', ' ', 'on', ' ', 'the', ' ', 'stage']"
Hey 別急著先哽咽 面紙擦眼淚,"['Hey', ' ', '別急', '著先', '哽咽', ' ', '面紙', '擦', '眼淚']"
讓我為你再唱一首歌 這專屬於你,"['讓', '我', '為', '你', '再', '唱', '一首歌', ' ', '這專屬', '於', '你']"
春天的綠葉 夏天的海 或是,"['春天', '的', '綠葉', ' ', '夏天', '的', '海', ' ', '或是']"
秋天的氣味 冬天的暖,"['秋天', '的', '氣味', ' ', '冬天', '的', '暖']"
"In my eyes, getting closer","['In', ' ', 'my', ' ', 'eyes', ',', ' ', 'getting', ' ', 'closer']"
我們就這樣靠近 然後轉角愛相遇,"['我們', '就', '這樣', '靠近', ' ', '然後轉角', '愛', '相遇']"
請你不要怕安靜 因為,"['請', '你', '不要', '怕', '安靜', ' ', '因為']"
我是你的Bling Bling,"['我', '是', '你', '的', 'Bling', ' ', 'Bling']"
沒什麼道理 只想做你新男傭,"['沒什麼', '道理', ' ', '只想', '做', '你', '新', '男傭']"
再告訴你個秘密,"['再', '告訴', '你', '個', '秘密']"
少了你擁有世界也不算什麼,"['少', '了', '你', '擁有', '世界', '也', '不算', '什麼']"
So baby just go chilling with my body,"['So', ' ', 'baby', ' ', 'just', ' ', 'go', ' ', 'chilling', ' ', 'with', ' ', 'my', ' ', 'body']"
Let music be amazing,"['Let', ' ', 'music', ' ', 'be', ' ', 'amazing']"
現在只想你聽我說,"['現在', '只', '想', '你', '聽', '我', '說']"
讓我成為你的Bling Bling,"['讓', '我', '成為', '你', '的', 'Bling', ' ', 'Bling']"
"Be my girl, cuz I love u and u know know know","['Be', ' ', 'my', ' ', 'girl', ',', ' ', 'cuz', ' ', 'I', ' ', 'love', ' ', 'u', ' ', 'and', ' ', 'u', ' ', 'know', ' ', 'know', ' ', 'know']"
有多少顆的行星 繞著你轉,"['有', '多少', '顆的', '行星', ' ', '繞著', '你轉']"
多了溫暖也多了負擔,"['多', '了', '溫暖', '也', '多', '了', '負擔']"
錯過了多少次的回憶 留在雲端,"['錯過', '了', '多少', '次', '的', '回憶', ' ', '留在', '雲端']"
是個理想也是個混蛋,"['是', '個', '理想', '也', '是', '個', '混蛋']"
一個人寂寞落魄 只剩囉嗦 開始做作,"['一個', '人', '寂寞', '落魄', ' ', '只', '剩', '囉', '嗦', ' ', '開始', '做作']"
你卻在那幸災樂禍,"['你', '卻', '在', '那幸', '災樂禍']"
不說你也不懂 不必驚恐 只是作秀,"['不', '說', '你', '也', '不', '懂', ' ', '不必', '驚恐', ' ', '只是', '作秀']"
It’s not a big deal,"['It', '’', 's', ' ', 'not', ' ', 'a', ' ', 'big', ' ', 'deal']"
這是定律也是我們命中注定,"['這是', '定律', '也', '是', '我們', '命中注定']"
1.5億公里距離 說不遠也不近,"['1.5', '億', '公里', '距離', ' ', '說', '不遠', '也', '不近']"
你是我的陽光和水 我所需要的氧氣,"['你', '是', '我', '的', '陽光', '和', '水', ' ', '我', '所', '需要', '的', '氧氣']"
The most beautiful planet is what I gave you a gift,"['The', ' ', 'most', ' ', 'beautiful', ' ', 'planet', ' ', 'is', ' ', 'what', ' ', 'I', ' ', 'gave', ' ', 'you', ' ', 'a', ' ', 'gift']"
讓我為你再唱一首歌 這專屬於你,"['讓', '我', '為', '你', '再', '唱', '一首歌', ' ', '這專屬', '於', '你']"
春天的綠葉 夏天的海 或是,"['春天', '的', '綠葉', ' ', '夏天', '的', '海', ' ', '或是']"
秋天的氣味 冬天的暖,"['秋天', '的', '氣味', ' ', '冬天', '的', '暖']"
"In my eyes, getting closer","['In', ' ', 'my', ' ', 'eyes', ',', ' ', 'getting', ' ', 'closer']"
我們就這樣靠近 然後轉角愛相遇,"['我們', '就', '這樣', '靠近', ' ', '然後轉角', '愛', '相遇']"
請你不要怕安靜 因為,"['請', '你', '不要', '怕', '安靜', ' ', '因為']"
我是你的Bling Bling,"['我', '是', '你', '的', 'Bling', ' ', 'Bling']"
只想做你新男傭,"['只想', '做', '你', '新', '男傭']"
再告訴你個秘密,"['再', '告訴', '你', '個', '秘密']"
擁有世界也不算什麼,"['擁有', '世界', '也', '不算', '什麼']"
So baby just go chilling with my body,"['So', ' ', 'baby', ' ', 'just', ' ', 'go', ' ', 'chilling', ' ', 'with', ' ', 'my', ' ', 'body']"
Let music be amazing,"['Let', ' ', 'music', ' ', 'be', ' ', 'amazing']"
現在只想你聽我說,"['現在', '只', '想', '你', '聽', '我', '說']"
讓我成為你的Bling Bling,"['讓', '我', '成為', '你', '的', 'Bling', ' ', 'Bling']"
"Be my girl, cuz I love u and u know know know","['Be', ' ', 'my', ' ', 'girl', ',', ' ', 'cuz', ' ', 'I', ' ', 'love', ' ', 'u', ' ', 'and', ' ', 'u', ' ', 'know', ' ', 'know', ' ', 'know']"
絕地花園,"['絕地', '花園']"
你孤獨地冒險 任由寂寞氣味瀰漫盤旋,"['你', '孤', '獨地', '冒險', ' ', '任由', '寂寞', '氣味', '瀰', '漫盤旋']"
你說你不怕黑 已習慣夜色相陪,"['你', '說', '你', '不怕', '黑', ' ', '已習慣', '夜色', '相陪']"
遊走城市邊界 遍尋不著一個擁抱 溫柔以對,"['遊走', '城市', '邊界', ' ', '遍', '尋不著', '一個', '擁抱', ' ', '溫柔', '以', '對']"
努力勉強的笑臉 越傷痕累累,"['努力', '勉強', '的', '笑', '臉', ' ', '越傷', '痕', '累累']"
再勇敢一點 潰堤的淚水 不代表妥協,"['再', '勇敢', '一點', ' ', '潰堤', '的', '淚水', ' ', '不', '代表', '妥協']"
別讓自卑淹沒 你所有的視線,"['別', '讓', '自卑', '淹', '沒', ' ', '你', '所有', '的', '視線']"
倔強跨越那些不完美,"['倔強', '跨越', '那些', '不', '完美']"
再坦然一些 白晝或黑夜 都值得紀念,"['再', '坦然', '一些', ' ', '白晝', '或', '黑夜', ' ', '都', '值得', '紀念']"
去細數故事裡 無論甜美心碎,"['去', '細數', '故事', '裡', ' ', '無論', '甜美', '心碎']"
傷口也能開出燦爛的玫瑰,"['傷口', '也', '能', '開出', '燦爛', '的', '玫瑰']"
誰再一次否決 再一次用謊言掩蓋歧見,"['誰', '再', '一次', '否決', ' ', '再', '一次', '用', '謊言', '掩蓋', '歧見']"
不安於世的罪 是驕傲的註解,"['不安', '於', '世', '的', '罪', ' ', '是', '驕傲', '的', '註', '解']"
從現在起拒絕 一張張偽善臉孔 全都被打碎,"['從現', '在', '起', '拒絕', ' ', '一張', '張偽善', '臉孔', ' ', '全都', '被', '打碎']"
迷霧散去的原野將風光明媚,"['迷霧', '散', '去', '的', '原野', '將風光', '明媚']"
再勇敢一點 潰堤的淚水 不代表妥協,"['再', '勇敢', '一點', ' ', '潰堤', '的', '淚水', ' ', '不', '代表', '妥協']"
別讓自卑淹沒 你所有的視線,"['別', '讓', '自卑', '淹', '沒', ' ', '你', '所有', '的', '視線']"
倔強跨越那些不完美,"['倔強', '跨越', '那些', '不', '完美']"
再坦然一些 白晝或黑夜 都值得紀念,"['再', '坦然', '一些', ' ', '白晝', '或', '黑夜', ' ', '都', '值得', '紀念']"
去細數故事裡 無論甜美心碎,"['去', '細數', '故事', '裡', ' ', '無論', '甜美', '心碎']"
傷口也能開出燦爛的玫瑰,"['傷口', '也', '能', '開出', '燦爛', '的', '玫瑰']"
我喜歡你無畏的雙眼,"['我', '喜歡', '你', '無畏', '的', '雙眼']"
再勇敢一點 潰堤的淚水宣言了明天,"['再', '勇敢', '一點', ' ', '潰堤', '的', '淚水', '宣言', '了', '明天']"
曾劇烈的疼痛都會蛻變,"['曾劇烈', '的', '疼痛', '都', '會', '蛻變']"
我們不完美 所以完美,"['我們', '不', '完美', ' ', '所以', '完美']"
再坦然一些 白晝或黑夜都值得紀念,"['再', '坦然', '一些', ' ', '白晝', '或', '黑夜', '都', '值得', '紀念']"
去珍惜故事裡 所有甜美心碎,"['去', '珍惜', '故事', '裡', ' ', '所有', '甜美', '心碎']"
傷口已然開出燦爛的玫瑰,"['傷口', '已然', '開出', '燦爛', '的', '玫瑰']"
寂寞的大孩子,"['寂寞', '的', '大', '孩子']"
寂寞的大孩子 在薄暮中流浪,"['寂寞', '的', '大', '孩子', ' ', '在', '薄暮', '中', '流浪']"
未熄的星光陪著他說話,"['未', '熄', '的', '星光', '陪著', '他', '說', '話']"
怎麼所愛的人 都不知去向,"['怎麼', '所愛的', '人', ' ', '都', '不知去向']"
怎麼重要的回憶 都不見啦,"['怎麼', '重要', '的', '回憶', ' ', '都', '不見', '啦']"
寂寞的大孩子 踏著時間的海浪,"['寂寞', '的', '大', '孩子', ' ', '踏著', '時間', '的', '海浪']"
潮起潮落 淘走珍藏的時光,"['潮起潮落', ' ', '淘走', '珍藏', '的', '時光']"
行囊輕盈啦 準備前往下個地方,"['行囊', '輕盈', '啦', ' ', '準備', '前往', '下個', '地方']"
只是身邊的人 你怎麼哭啦,"['只是', '身邊', '的', '人', ' ', '你', '怎麼', '哭', '啦']"
寂寞的大孩子啊,"['寂寞', '的', '大', '孩子', '啊']"
他的掌紋曾是誰安睡的星空啊,"['他', '的', '掌紋', '曾', '是', '誰', '安睡', '的', '星空', '啊']"
寂寞的大孩子啊,"['寂寞', '的', '大', '孩子', '啊']"
她的臉龐曾是誰親吻的花啊,"['她', '的', '臉', '龐曾', '是', '誰', '親吻', '的', '花', '啊']"
寂寞的大孩子啊,"['寂寞', '的', '大', '孩子', '啊']"
他的掌紋曾是誰安睡的星空啊,"['他', '的', '掌紋', '曾', '是', '誰', '安睡', '的', '星空', '啊']"
寂寞的大孩子啊,"['寂寞', '的', '大', '孩子', '啊']"
她的臉龐曾是誰親吻的花啊,"['她', '的', '臉', '龐曾', '是', '誰', '親吻', '的', '花', '啊']"
滲出的記憶染白了頭髮,"['滲出', '的', '記憶染白', '了頭', '髮']"
故事也渲暈成晚霞,"['故事', '也', '渲暈成', '晚霞']"
晚霞裡月亮輕輕牽著他,"['晚霞', '裡', '月亮', '輕輕', '牽著', '他']"
走向 更遠的地方,"['走向', ' ', '更遠', '的', '地方']"
滲出的記憶染白了頭髮,"['滲出', '的', '記憶染白', '了頭', '髮']"
故事也渲暈成晚霞,"['故事', '也', '渲暈成', '晚霞']"
晚霞裡月亮輕輕牽著他,"['晚霞', '裡', '月亮', '輕輕', '牽著', '他']"
往不寂寞的天堂,"['往', '不', '寂寞', '的', '天堂']"
再說,"['再', '說']"
你總是喜歡一個人,"['你', '總', '是', '喜歡', '一個', '人']"
嚮往單純的生活,"['嚮', '往', '單純', '的', '生活']"
別忘了 在你最孤單的時候 有我在這,"['別', '忘', '了', ' ', '在', '你', '最', '孤單', '的', '時候', ' ', '有', '我', '在', '這']"
我願意當你的話筒,"['我願', '意當', '你', '的', '話', '筒']"
只要你肯對我說,"['只要', '你', '肯', '對', '我', '說']"
怎麼了 難道我們就只是個 普通朋友,"['怎麼', '了', ' ', '難道', '我們', '就', '只是', '個', ' ', '普通', '朋友']"
You call me when you need,"['You', ' ', 'call', ' ', 'me', ' ', 'when', ' ', 'you', ' ', 'need']"
For you l’m always free,"['For', ' ', 'you', ' ', 'l', '’', 'm', ' ', 'always', ' ', 'free']"
Looking forward to somebody,"['Looking', ' ', 'forward', ' ', 'to', ' ', 'somebody']"
Who treat you like a queen,"['Who', ' ', 'treat', ' ', 'you', ' ', 'like', ' ', 'a', ' ', 'queen']"
只要陪在你的身邊,"['只要', '陪', '在', '你', '的', '身邊']"
聞著你的香味,"['聞著', '你', '的', '香味']"
我就會 窩屋窩屋窩,"['我', '就', '會', ' ', '窩屋', '窩', '屋窩']"
再說 我喜歡你專注的側臉,"['再', '說', ' ', '我', '喜歡', '你', '專注', '的', '側臉']"
又為你著迷 有誰能夠比 No No No,"['又', '為', '你', '著迷', ' ', '有', '誰', '能夠', '比', ' ', 'No', ' ', 'No', ' ', 'No']"
再說 我期待我們有那一天,"['再', '說', ' ', '我', '期待', '我們', '有', '那', '一天']"
那天我和你 不再有距離 No No No,"['那天', '我', '和', '你', ' ', '不再', '有', '距離', ' ', 'No', ' ', 'No', ' ', 'No']"
再說,"['再', '說']"
We always say good night,"['We', ' ', 'always', ' ', 'say', ' ', 'good', ' ', 'night']"
聊到凌晨四點半也不算晚,"['聊到', '凌晨', '四點', '半', '也', '不算', '晚']"
我只想聽你再多說一點 就那麼一點,"['我', '只', '想', '聽', '你', '再', '多', '說', '一點', ' ', '就', '那麼', '一點']"
你這個小壞壞,"['你', '這個', '小壞', '壞']"
Too bad to let you by my side,"['Too', ' ', 'bad', ' ', 'to', ' ', 'let', ' ', 'you', ' ', 'by', ' ', 'my', ' ', 'side']"
I want to know you,"['I', ' ', 'want', ' ', 'to', ' ', 'know', ' ', 'you']"
What you really want really want,"['What', ' ', 'you', ' ', 'really', ' ', 'want', ' ', 'really', ' ', 'want']"
You call me when you need,"['You', ' ', 'call', ' ', 'me', ' ', 'when', ' ', 'you', ' ', 'need']"
For you l’m always free,"['For', ' ', 'you', ' ', 'l', '’', 'm', ' ', 'always', ' ', 'free']"
Looking forward to somebody,"['Looking', ' ', 'forward', ' ', 'to', ' ', 'somebody']"
Who treat you like a queen,"['Who', ' ', 'treat', ' ', 'you', ' ', 'like', ' ', 'a', ' ', 'queen']"
只要陪在你的身邊,"['只要', '陪', '在', '你', '的', '身邊']"
聞著你的香味,"['聞著', '你', '的', '香味']"
我就會 窩屋窩屋窩,"['我', '就', '會', ' ', '窩屋', '窩', '屋窩']"
再說 我喜歡你專注的側臉,"['再', '說', ' ', '我', '喜歡', '你', '專注', '的', '側臉']"
又為你著迷 有誰能夠比 No No No,"['又', '為', '你', '著迷', ' ', '有', '誰', '能夠', '比', ' ', 'No', ' ', 'No', ' ', 'No']"
再說 我期待我們有那一天,"['再', '說', ' ', '我', '期待', '我們', '有', '那', '一天']"
那天我和你 不再有距離 No No No,"['那天', '我', '和', '你', ' ', '不再', '有', '距離', ' ', 'No', ' ', 'No', ' ', 'No']"
再說,"['再', '說']"
有誰能暸解你的心,"['有', '誰', '能', '暸解', '你', '的', '心']"
不僅是在他口頭上,"['不僅', '是', '在', '他', '口頭', '上']"
我願意為你少說一句,"['我願意', '為', '你', '少', '說', '一句']"
只專心聆聽,"['只', '專心', '聆', '聽']"
你總是喜歡一個人,"['你', '總', '是', '喜歡', '一個', '人']"
嚮往單純的生活,"['嚮', '往', '單純', '的', '生活']"
別忘了 在你最孤單的時候 有我在這,"['別', '忘', '了', ' ', '在', '你', '最', '孤單', '的', '時候', ' ', '有', '我', '在', '這']"
我願意當你的話筒,"['我願', '意當', '你', '的', '話', '筒']"
只要你肯對我說,"['只要', '你', '肯', '對', '我', '說']"
怎麼了 難道我們就只是個 普通朋友,"['怎麼', '了', ' ', '難道', '我們', '就', '只是', '個', ' ', '普通', '朋友']"
我還沒有作好被打倒的準備,"['我', '還沒有', '作好', '被', '打倒', '的', '準備']"
鏡子裡 尷尬狼狽的我,"['鏡子裡', ' ', '尷尬', '狼狽', '的', '我']"
今天依然努力畫上笑容,"['今天', '依然', '努力', '畫上', '笑容']"
不是為誰 只為自己加油,"['不是', '為', '誰', ' ', '只為', '自己', '加油']"
做過些比宇宙大的夢,"['做', '過些', '比', '宇宙', '大', '的', '夢']"
以為能把世界舉在肩頭,"['以為', '能', '把', '世界', '舉在', '肩頭']"
狠摔了跟斗,"['狠', '摔', '了', '跟斗']"
才知道自己從來不是英雄,"['才', '知道', '自己', '從來', '不是', '英雄']"
不願生命 成一部悲劇小說,"['不願', '生命', ' ', '成', '一部', '悲劇', '小', '說']"
就算要我 屢敗屢戰得像個小丑,"['就算', '要', '我', ' ', '屢敗', '屢', '戰得', '像', '個', '小丑']"
我還沒有作好被打倒的準備,"['我', '還沒有', '作好', '被', '打倒', '的', '準備']"
就算心淌著血 失去所有夢和眼淚,"['就算', '心淌', '著血', ' ', '失去', '所有', '夢', '和', '眼淚']"
攀著懸崖邊緣 疼痛已無所謂,"['攀著', '懸崖', '邊緣', ' ', '疼痛', '已無所謂']"
我不後退 哪怕輸了一切回到原點,"['我', '不後退', ' ', '哪怕', '輸', '了', '一切', '回到', '原點']"
我並不會作好被打倒的準備,"['我', '並不會', '作好', '被', '打倒', '的', '準備']"
就算心已破碎 反射月光照亮黑夜,"['就算', '心已', '破碎', ' ', '反射', '月光', '照亮', '黑夜']"
不是倔強的刺蝟 是勇敢的蝴蝶,"['不是', '倔強', '的', '刺', '蝟', ' ', '是', '勇敢', '的', '蝴蝶']"
我還能飛 就無懼遙遠,"['我', '還能', '飛', ' ', '就', '無懼', '遙遠']"
世界擁有 千萬個擊潰我的理由,"['世界', '擁有', ' ', '千萬個', '擊潰', '我', '的', '理由']"
可我有不認輸的自由,"['可', '我', '有', '不', '認輸', '的', '自由']"
我還沒有作好被打倒的準備,"['我', '還沒有', '作好', '被', '打倒', '的', '準備']"
就算心淌著血 失去所有夢和眼淚,"['就算', '心淌', '著血', ' ', '失去', '所有', '夢', '和', '眼淚']"
攀著懸崖邊緣 疼痛已無所謂,"['攀著', '懸崖', '邊緣', ' ', '疼痛', '已無所謂']"
我不後退 哪怕輸了一切回到原點,"['我', '不後退', ' ', '哪怕', '輸', '了', '一切', '回到', '原點']"
我並不會作好被打倒的準備,"['我', '並不會', '作好', '被', '打倒', '的', '準備']"
就算心已破碎 反射月光照亮黑夜,"['就算', '心已', '破碎', ' ', '反射', '月光', '照亮', '黑夜']"
不是倔強的刺蝟 是勇敢的蝴蝶,"['不是', '倔強', '的', '刺', '蝟', ' ', '是', '勇敢', '的', '蝴蝶']"
我還能飛,"['我', '還能', '飛']"
若有一天 生命的盡頭不可避免,"['若有', '一天', ' ', '生命', '的', '盡頭', '不可避免']"
回首不求眷戀 只求無一點悔,"['回首', '不求', '眷戀', ' ', '只求', '無一點', '悔']"
我還沒有作好被打倒的準備,"['我', '還沒有', '作好', '被', '打倒', '的', '準備']"
就算心淌著血 失去所有夢和眼淚,"['就算', '心淌', '著血', ' ', '失去', '所有', '夢', '和', '眼淚']"
攀著懸崖邊緣 疼痛已無所謂,"['攀著', '懸崖', '邊緣', ' ', '疼痛', '已無所謂']"
我不後退 哪怕輸了一切回到原點,"['我', '不後退', ' ', '哪怕', '輸', '了', '一切', '回到', '原點']"
我並不會作好被打倒的準備,"['我', '並不會', '作好', '被', '打倒', '的', '準備']"
就算心已破碎 反射月光照亮黑夜,"['就算', '心已', '破碎', ' ', '反射', '月光', '照亮', '黑夜']"
不是倔強的刺蝟 是勇敢的蝴蝶,"['不是', '倔強', '的', '刺', '蝟', ' ', '是', '勇敢', '的', '蝴蝶']"
我還能飛 到那更遙遠,"['我', '還能', '飛', ' ', '到', '那', '更', '遙遠']"
到那更遙遠,"['到', '那', '更', '遙遠']"
到那更遙遠,"['到', '那', '更', '遙遠']"
絕地花園,"['絕地', '花園']"
你孤獨地冒險 任由寂寞氣味瀰漫盤旋,"['你', '孤', '獨地', '冒險', ' ', '任由', '寂寞', '氣味', '瀰', '漫盤旋']"
你說你不怕黑 已習慣夜色相陪,"['你', '說', '你', '不怕', '黑', ' ', '已習慣', '夜色', '相陪']"
遊走城市邊界 遍尋不著一個擁抱 溫柔以對,"['遊走', '城市', '邊界', ' ', '遍', '尋不著', '一個', '擁抱', ' ', '溫柔', '以', '對']"
努力勉強的笑臉 越傷痕累累,"['努力', '勉強', '的', '笑', '臉', ' ', '越傷', '痕', '累累']"
再勇敢一點 潰堤的淚水 不代表妥協,"['再', '勇敢', '一點', ' ', '潰堤', '的', '淚水', ' ', '不', '代表', '妥協']"
別讓自卑淹沒 你所有的視線,"['別', '讓', '自卑', '淹', '沒', ' ', '你', '所有', '的', '視線']"
倔強跨越那些不完美,"['倔強', '跨越', '那些', '不', '完美']"
再坦然一些 白晝或黑夜 都值得紀念,"['再', '坦然', '一些', ' ', '白晝', '或', '黑夜', ' ', '都', '值得', '紀念']"
去細數故事裡 無論甜美心碎,"['去', '細數', '故事', '裡', ' ', '無論', '甜美', '心碎']"
傷口也能開出燦爛的玫瑰,"['傷口', '也', '能', '開出', '燦爛', '的', '玫瑰']"
誰再一次否決 再一次用謊言掩蓋歧見,"['誰', '再', '一次', '否決', ' ', '再', '一次', '用', '謊言', '掩蓋', '歧見']"
不安於世的罪 是驕傲的註解,"['不安', '於', '世', '的', '罪', ' ', '是', '驕傲', '的', '註', '解']"
從現在起拒絕 一張張偽善臉孔 全都被打碎,"['從現', '在', '起', '拒絕', ' ', '一張', '張偽善', '臉孔', ' ', '全都', '被', '打碎']"
迷霧散去的原野將風光明媚,"['迷霧', '散', '去', '的', '原野', '將風光', '明媚']"
再勇敢一點 潰堤的淚水 不代表妥協,"['再', '勇敢', '一點', ' ', '潰堤', '的', '淚水', ' ', '不', '代表', '妥協']"
別讓自卑淹沒 你所有的視線,"['別', '讓', '自卑', '淹', '沒', ' ', '你', '所有', '的', '視線']"
倔強跨越那些不完美,"['倔強', '跨越', '那些', '不', '完美']"
再坦然一些 白晝或黑夜 都值得紀念,"['再', '坦然', '一些', ' ', '白晝', '或', '黑夜', ' ', '都', '值得', '紀念']"
去細數故事裡 無論甜美心碎,"['去', '細數', '故事', '裡', ' ', '無論', '甜美', '心碎']"
傷口也能開出燦爛的玫瑰,"['傷口', '也', '能', '開出', '燦爛', '的', '玫瑰']"
我喜歡你無畏的雙眼,"['我', '喜歡', '你', '無畏', '的', '雙眼']"
再勇敢一點 潰堤的淚水宣言了明天,"['再', '勇敢', '一點', ' ', '潰堤', '的', '淚水', '宣言', '了', '明天']"
曾劇烈的疼痛都會蛻變,"['曾劇烈', '的', '疼痛', '都', '會', '蛻變']"
我們不完美 所以完美,"['我們', '不', '完美', ' ', '所以', '完美']"
再坦然一些 白晝或黑夜都值得紀念,"['再', '坦然', '一些', ' ', '白晝', '或', '黑夜', '都', '值得', '紀念']"
去珍惜故事裡 所有甜美心碎,"['去', '珍惜', '故事', '裡', ' ', '所有', '甜美', '心碎']"
傷口已然開出燦爛的玫瑰,"['傷口', '已然', '開出', '燦爛', '的', '玫瑰']"
天真世界的叛徒－天真版,"['天真', '世界', '的', '叛徒', '－', '天真', '版']"
我沒有忘記怎麼善良,"['我', '沒', '有', '忘記', '怎麼', '善良']"
只是學會在相信之前多一點武裝,"['只是', '學會', '在', '相信', '之前', '多一點', '武裝']"
我沒有忘記何謂互相,"['我', '沒', '有', '忘', '記何謂', '互相']"
只是習慣在擁抱之前多些觀察,"['只是', '習慣', '在', '擁抱', '之前', '多些', '觀察']"
什麼是真的 什麼是假的,"['什麼', '是', '真的', ' ', '什麼', '是', '假', '的']"
什麼是對 什麼是錯,"['什麼', '是', '對', ' ', '什麼', '是', '錯']"
長大後的我們 什麼都不知道了,"['長', '大', '後', '的', '我們', ' ', '什麼', '都', '不', '知道', '了']"
我是來自天真世界的一名叛徒,"['我', '是', '來', '自', '天真', '世界', '的', '一名', '叛徒']"
誰會告訴我這是正確的路,"['誰', '會', '告訴', '我', '這是', '正確', '的', '路']"
隱藏你的笑 你的哭,"['隱藏', '你', '的', '笑', ' ', '你', '的', '哭']"
喜怒哀樂讓人看不清楚,"['喜怒', '哀樂', '讓', '人', '看不清楚']"
那就對了 這就是大人必備的技術,"['那', '就', '對', '了', ' ', '這', '就是', '大人', '必備', '的', '技術']"
我是來自天真世界的一名叛徒,"['我', '是', '來', '自', '天真', '世界', '的', '一名', '叛徒']"
勉強地融入 這謊言堆砌的國度,"['勉強', '地', '融入', ' ', '這謊', '言', '堆砌', '的', '國度']"
掩飾每個錯 每個誤,"['掩飾', '每個', '錯', ' ', '每個誤']"
試圖成為人群中最安全的眾數,"['試圖', '成為', '人群', '中', '最', '安全', '的', '眾數']"
好不孤獨,"['好', '不', '孤獨']"
時間 你為何帶來成長,"['時間', ' ', '你', '為', '何帶', '來', '成長']"
時間 你為何帶來成長,"['時間', ' ', '你', '為', '何帶', '來', '成長']"
時間 你為何帶來成長,"['時間', ' ', '你', '為', '何帶', '來', '成長']"
又想狠狠帶走 最簡單的嚮往,"['又', '想', '狠狠', '帶', '走', ' ', '最', '簡單', '的', '嚮', '往']"
不想再做天真世界的一名叛徒,"['不想', '再', '做', '天真', '世界', '的', '一名', '叛徒']"
若沒有了自己 還有什麼好在乎,"['若', '沒', '有', '了', '自己', ' ', '還有', '什麼', '好', '在乎']"
只想記住怎麼笑 怎麼哭,"['只想', '記住', '怎麼', '笑', ' ', '怎麼', '哭']"
讓每個夢每滴淚都銘心刻骨,"['讓', '每個', '夢', '每滴', '淚', '都', '銘心', '刻骨']"
真的夠了 成人世界虛偽得讓我想吐,"['真的', '夠了', ' ', '成人', '世界', '虛偽', '得', '讓', '我', '想', '吐']"
不想再做天真世界的一名叛徒,"['不想', '再', '做', '天真', '世界', '的', '一名', '叛徒']"
不願再接受 名為成熟的束縛,"['不願', '再', '接受', ' ', '名為', '成熟', '的', '束縛']"
時代再殘酷 再荒蕪,"['時代', '再', '殘酷', ' ', '再', '荒蕪']"
這一刻我們終於踏上歸途,"['這', '一刻', '我們終', '於', '踏上', '歸途']"
不再辜負 與生俱來的自由天賦,"['不再', '辜負', ' ', '與', '生俱來', '的', '自由', '天賦']"
天真世界的叛徒－叛徒版,"['天真', '世界', '的', '叛徒', '－', '叛徒', '版']"
我沒有忘記怎麼善良,"['我', '沒', '有', '忘記', '怎麼', '善良']"
只是學會在相信之前多一點武裝,"['只是', '學會', '在', '相信', '之前', '多一點', '武裝']"
我沒有忘記何謂互相,"['我', '沒', '有', '忘', '記何謂', '互相']"
只是習慣在擁抱之前多些觀察,"['只是', '習慣', '在', '擁抱', '之前', '多些', '觀察']"
什麼是真的 什麼是假的,"['什麼', '是', '真的', ' ', '什麼', '是', '假', '的']"
什麼是對 什麼是錯,"['什麼', '是', '對', ' ', '什麼', '是', '錯']"
長大後的我們 什麼都不知道了,"['長', '大', '後', '的', '我們', ' ', '什麼', '都', '不', '知道', '了']"
我是來自天真世界的一名叛徒,"['我', '是', '來', '自', '天真', '世界', '的', '一名', '叛徒']"
誰會告訴我這是正確的路,"['誰', '會', '告訴', '我', '這是', '正確', '的', '路']"
隱藏你的笑 你的哭,"['隱藏', '你', '的', '笑', ' ', '你', '的', '哭']"
喜怒哀樂讓人看不清楚,"['喜怒', '哀樂', '讓', '人', '看不清楚']"
那就對了 這就是大人必備的技術,"['那', '就', '對', '了', ' ', '這', '就是', '大人', '必備', '的', '技術']"
我是來自天真世界的一名叛徒,"['我', '是', '來', '自', '天真', '世界', '的', '一名', '叛徒']"
勉強地融入 這謊言堆砌的國度,"['勉強', '地', '融入', ' ', '這謊', '言', '堆砌', '的', '國度']"
掩飾每個錯 每個誤,"['掩飾', '每個', '錯', ' ', '每個誤']"
試圖成為人群中最安全的眾數,"['試圖', '成為', '人群', '中', '最', '安全', '的', '眾數']"
好不孤獨,"['好', '不', '孤獨']"
什麼是真的 什麼是假的,"['什麼', '是', '真的', ' ', '什麼', '是', '假', '的']"
什麼是對 什麼是錯,"['什麼', '是', '對', ' ', '什麼', '是', '錯']"
長大後的我們 什麼都不知道了,"['長', '大', '後', '的', '我們', ' ', '什麼', '都', '不', '知道', '了']"
我是來自天真世界的一名叛徒,"['我', '是', '來', '自', '天真', '世界', '的', '一名', '叛徒']"
誰會告訴我這是正確的路,"['誰', '會', '告訴', '我', '這是', '正確', '的', '路']"
隱藏你的笑 你的哭,"['隱藏', '你', '的', '笑', ' ', '你', '的', '哭']"
喜怒哀樂讓人看不清楚,"['喜怒', '哀樂', '讓', '人', '看不清楚']"
那就對了 這就是大人必備的技術,"['那', '就', '對', '了', ' ', '這', '就是', '大人', '必備', '的', '技術']"
我是來自天真世界的一名叛徒,"['我', '是', '來', '自', '天真', '世界', '的', '一名', '叛徒']"
勉強地融入 這謊言堆砌的國度,"['勉強', '地', '融入', ' ', '這謊', '言', '堆砌', '的', '國度']"
掩飾每個錯 每個誤,"['掩飾', '每個', '錯', ' ', '每個誤']"
試圖成為人群中最安全的眾數,"['試圖', '成為', '人群', '中', '最', '安全', '的', '眾數']"
好不孤獨,"['好', '不', '孤獨']"
時間 你為何帶來成長,"['時間', ' ', '你', '為', '何帶', '來', '成長']"
又想狠狠帶走 最簡單的嚮往,"['又', '想', '狠狠', '帶', '走', ' ', '最', '簡單', '的', '嚮', '往']"
不想再做天真世界的一名叛徒,"['不想', '再', '做', '天真', '世界', '的', '一名', '叛徒']"
若沒有了自己 還有什麼好在乎,"['若', '沒', '有', '了', '自己', ' ', '還有', '什麼', '好', '在乎']"
只想記住怎麼笑 怎麼哭,"['只想', '記住', '怎麼', '笑', ' ', '怎麼', '哭']"
讓每個夢每滴淚都銘心刻骨,"['讓', '每個', '夢', '每滴', '淚', '都', '銘心', '刻骨']"
真的夠了 成人世界虛偽得讓我想吐,"['真的', '夠了', ' ', '成人', '世界', '虛偽', '得', '讓', '我', '想', '吐']"
不想再做天真世界的一名叛徒,"['不想', '再', '做', '天真', '世界', '的', '一名', '叛徒']"
不願再接受 名為成熟的束縛,"['不願', '再', '接受', ' ', '名為', '成熟', '的', '束縛']"
時代再殘酷 再荒蕪,"['時代', '再', '殘酷', ' ', '再', '荒蕪']"
這一刻我們終於踏上歸途,"['這', '一刻', '我們終', '於', '踏上', '歸途']"
不再辜負 與生俱來的自由天賦,"['不再', '辜負', ' ', '與', '生俱來', '的', '自由', '天賦']"
滯留鋒,['滯留鋒']
一連下了好幾天的雨,"['一連下', '了', '好', '幾天', '的', '雨']"
月光照著你濕透的身影,"['月', '光照', '著', '你', '濕透', '的', '身影']"
雨滴一點一滴 眼淚一點一滴,"['雨滴', '一點', '一滴', ' ', '眼淚', '一點', '一滴']"
沖走了你微笑的表情,"['沖', '走', '了', '你', '微笑', '的', '表情']"
一連下了好幾星期的雨,"['一連下', '了', '好', '幾', '星期', '的', '雨']"
發霉的房間裡開出一片寬廣森林,"['發霉', '的', '房間裡', '開出', '一片', '寬廣', '森林']"
你在樹下休息 偶爾翻閱些回憶,"['你', '在', '樹下', '休息', ' ', '偶爾翻', '閱些', '回憶']"
偶爾只靜靜等待著雨停,"['偶爾', '只靜靜', '等待', '著雨停']"
讓我陪著你在這雨中旅行,"['讓', '我', '陪', '著', '你', '在', '這雨中', '旅行']"
有時壞天氣沒有什麼原因,"['有', '時壞', '天氣', '沒有', '什麼', '原因']"
生命 總要人一再地練習,"['生命', ' ', '總要', '人', '一再', '地練習']"
練習勇敢 練習把疼痛忘記,"['練習', '勇敢', ' ', '練習', '把', '疼痛', '忘記']"
我會陪著你在這雨中旅行,"['我會', '陪', '著', '你', '在', '這雨中', '旅行']"
直到微笑再次變得容易,"['直到', '微笑', '再次', '變得', '容易']"
我還會 在季風睡去的夜晚,"['我', '還會', ' ', '在', '季風', '睡', '去', '的', '夜晚']"
夢見你說 明天就要放晴,"['夢見', '你', '說', ' ', '明天', '就要', '放晴']"
一連下了好幾個月的雨,"['一連下', '了', '好', '幾個', '月', '的', '雨']"
麻木的心就像 摔落泥濘的紙飛機,"['麻木', '的', '心', '就', '像', ' ', '摔落', '泥濘', '的', '紙飛機']"
雨為什麼不停 天空沒有回應,"['雨為', '什麼', '不停', ' ', '天空', '沒有', '回應']"
你不再哭 學著相信自己,"['你', '不再', '哭', ' ', '學著', '相信', '自己']"
讓我陪著你在這雨中旅行,"['讓', '我', '陪', '著', '你', '在', '這雨中', '旅行']"
有時壞天氣沒有什麼原因,"['有', '時壞', '天氣', '沒有', '什麼', '原因']"
生命 總要人一再地練習,"['生命', ' ', '總要', '人', '一再', '地練習']"
練習勇敢 練習把疼痛忘記,"['練習', '勇敢', ' ', '練習', '把', '疼痛', '忘記']"
我會陪著你在這雨中旅行,"['我會', '陪', '著', '你', '在', '這雨中', '旅行']"
直到微笑再次變得容易,"['直到', '微笑', '再次', '變得', '容易']"
我還會 在季風睡去的夜晚,"['我', '還會', ' ', '在', '季風', '睡', '去', '的', '夜晚']"
夢見你說 明天就要放晴,"['夢見', '你', '說', ' ', '明天', '就要', '放晴']"
Dear Star,"['Dear', ' ', 'Star']"
"Hey, my dear star","['Hey', ',', ' ', 'my', ' ', 'dear', ' ', 'star']"
喜歡看你笑容模樣,"['喜歡', '看', '你', '笑容', '模樣']"
有些話 不必用言語表達,"['有些', '話', ' ', '不必', '用言語', '表達']"
一個微笑就是最好解答,"['一個', '微笑', '就是', '最好', '解答']"
"Hey, my dear star","['Hey', ',', ' ', 'my', ' ', 'dear', ' ', 'star']"
有時候也許感到徬徨,"['有', '時候', '也許', '感到', '徬徨']"
我知道 花花世界太複雜,"['我', '知道', ' ', '花花世界', '太', '複', '雜']"
我願意陪著你一起去闖,"['我願意', '陪', '著', '你', '一起', '去', '闖']"
親愛的你,"['親愛的', '你']"
你是道獨一無二的星光,"['你', '是', '道', '獨一無二', '的', '星光']"
你無聲領航 愛的方向,"['你', '無聲', '領航', ' ', '愛的', '方向']"
我因你學會驕傲堅強,"['我', '因', '你', '學會', '驕傲', '堅強']"
親愛的你,"['親愛的', '你']"
我要給你一個大大的擁抱,"['我', '要給', '你', '一個', '大大的', '擁抱']"
黑夜過去 總會破曉,"['黑夜', '過去', ' ', '總會', '破曉']"
讓我牽著你翱翔 每一刻寬廣,"['讓', '我', '牽著', '你', '翱翔', ' ', '每一刻', '寬廣']"
"Hey, my dear star","['Hey', ',', ' ', 'my', ' ', 'dear', ' ', 'star']"
喜歡看你笑容模樣,"['喜歡', '看', '你', '笑容', '模樣']"
我知道 花花世界太複雜,"['我', '知道', ' ', '花花世界', '太', '複', '雜']"
我願意陪著你一起去闖,"['我願意', '陪', '著', '你', '一起', '去', '闖']"
親愛的你,"['親愛的', '你']"
你是道獨一無二的星光,"['你', '是', '道', '獨一無二', '的', '星光']"
無聲領航 愛的方向,"['無聲', '領航', ' ', '愛的', '方向']"
我因你學會驕傲堅強,"['我', '因', '你', '學會', '驕傲', '堅強']"
親愛的你,"['親愛的', '你']"
我要給你一個大大的擁抱,"['我', '要給', '你', '一個', '大大的', '擁抱']"
黑夜過去 總會破曉,"['黑夜', '過去', ' ', '總會', '破曉']"
讓我牽著你翱翔 每一刻寬廣,"['讓', '我', '牽著', '你', '翱翔', ' ', '每一刻', '寬廣']"
親愛的你,"['親愛的', '你']"
你是道獨一無二的星光,"['你', '是', '道', '獨一無二', '的', '星光']"
無聲領航 愛的方向,"['無聲', '領航', ' ', '愛的', '方向']"
我為你感到驕傲堅強,"['我', '為', '你', '感到', '驕傲', '堅強']"
親愛的你,"['親愛的', '你']"
我要給你一個大大的擁抱,"['我', '要給', '你', '一個', '大大的', '擁抱']"
黑夜過去 總會破曉,"['黑夜', '過去', ' ', '總會', '破曉']"
讓我牽著你翱翔 每一刻,"['讓', '我', '牽著', '你', '翱翔', ' ', '每一刻']"
平衡木,['平衡木']
時光暫停 當你緩緩走近,"['時光', '暫停', ' ', '當你', '緩緩', '走近']"
深邃的微笑是精靈的邀請,"['深邃', '的', '微笑', '是', '精靈', '的', '邀', '請']"
屏住呼吸 我們小心翼翼,"['屏住', '呼吸', ' ', '我們', '小心翼翼']"
擺放天平上完美劑量的濃郁,"['擺放', '天平', '上', '完美', '劑量', '的', '濃郁']"
我不是太擅長不著邊際的遊戲,"['我', '不是', '太', '擅長', '不著', '邊際', '的', '遊戲']"
卻因你沉溺,"['卻', '因', '你', '沉溺']"
平衡木上的愛情,"['平衡木', '上', '的', '愛情']"
你左搖我右晃暈眩的香氣,"['你', '左搖', '我', '右晃暈', '眩', '的', '香氣']"
往後一步曖昧卻和諧的距離,"['往', '後', '一步', '曖昧', '卻', '和諧', '的', '距離']"
往前一步心就貼緊,"['往前', '一步', '心', '就', '貼', '緊']"
平衡木上我和你,"['平衡木', '上', '我', '和', '你']"
來回時而欲墜幸運總時而降臨,"['來', '回時', '而', '欲', '墜', '幸運', '總時', '而', '降臨']"
我的膽小透明 乘著你溫柔勇氣,"['我', '的', '膽小', '透明', ' ', '乘著', '你', '溫柔', '勇氣']"
一躍 安全降落愛情,"['一躍', ' ', '安全', '降落', '愛情']"
時光暫停 當你緩緩走近,"['時光', '暫停', ' ', '當你', '緩緩', '走近']"
深邃的微笑是精靈的邀請,"['深邃', '的', '微笑', '是', '精靈', '的', '邀', '請']"
屏住呼吸 我們小心翼翼,"['屏住', '呼吸', ' ', '我們', '小心翼翼']"
擺放天平上完美劑量的濃郁,"['擺放', '天平', '上', '完美', '劑量', '的', '濃郁']"
我不是太擅長不著邊際的遊戲,"['我', '不是', '太', '擅長', '不著', '邊際', '的', '遊戲']"
卻因你沉溺,"['卻', '因', '你', '沉溺']"
平衡木上的愛情,"['平衡木', '上', '的', '愛情']"
你左搖我右晃暈眩的香氣,"['你', '左搖', '我', '右晃暈', '眩', '的', '香氣']"
往後一步曖昧卻和諧的距離,"['往', '後', '一步', '曖昧', '卻', '和諧', '的', '距離']"
往前一步心就貼緊,"['往前', '一步', '心', '就', '貼', '緊']"
平衡木上我和你,"['平衡木', '上', '我', '和', '你']"
來回時而欲墜幸運總時而降臨,"['來', '回時', '而', '欲', '墜', '幸運', '總時', '而', '降臨']"
我的膽小透明 乘著你溫柔勇氣,"['我', '的', '膽小', '透明', ' ', '乘著', '你', '溫柔', '勇氣']"
平衡木上的愛情,"['平衡木', '上', '的', '愛情']"
你左搖我右晃暈眩的香氣,"['你', '左搖', '我', '右晃暈', '眩', '的', '香氣']"
往後一步曖昧卻和諧的距離,"['往', '後', '一步', '曖昧', '卻', '和諧', '的', '距離']"
往前一步心就貼緊,"['往前', '一步', '心', '就', '貼', '緊']"
平衡木上我和你,"['平衡木', '上', '我', '和', '你']"
來回時而欲墜幸運總時而降臨,"['來', '回時', '而', '欲', '墜', '幸運', '總時', '而', '降臨']"
我的膽小透明 乘著你溫柔勇氣,"['我', '的', '膽小', '透明', ' ', '乘著', '你', '溫柔', '勇氣']"
一躍 安全降落愛情,"['一躍', ' ', '安全', '降落', '愛情']"
我的膽小透明 乘著你溫柔勇氣,"['我', '的', '膽小', '透明', ' ', '乘著', '你', '溫柔', '勇氣']"
一躍 安全降落愛情,"['一躍', ' ', '安全', '降落', '愛情']"
夏夜煙火,"['夏夜', '煙火']"
怎麼結束一個夜不成眠的夏天,"['怎麼', '結束', '一個', '夜', '不', '成眠', '的', '夏天']"
遺落的都已漸遠,"['遺落', '的', '都', '已漸', '遠']"
再強揹都是累贅,"['再', '強', '揹', '都', '是', '累', '贅']"
怎麼結束一個支離破碎的夏天,"['怎麼', '結束', '一個', '支離', '破碎', '的', '夏天']"
珍貴的都已不見,"['珍貴', '的', '都', '已', '不見']"
你都已不見,"['你', '都', '已', '不見']"
我無從找起愛過你的理由,"['我', '無', '從', '找', '起愛過', '你', '的', '理由']"
預設的美好卻成失蹤人口,"['預設', '的', '美好', '卻成', '失', '蹤', '人口']"
你沉默往黑夜逃走 懦弱過了頭,"['你', '沉默', '往', '黑夜', '逃走', ' ', '懦弱', '過了頭']"
逆轉的時鐘蒸發你的下落,"['逆轉', '的', '時鐘', '蒸發', '你', '的', '下落']"
我無從找起愛過你的理由,"['我', '無', '從', '找', '起愛過', '你', '的', '理由']"
停格畫面零碎成記憶煙火,"['停格', '畫面', '零碎', '成記憶', '煙火']"
盛放了夏夜空 燃燒 然後墜落,"['盛放', '了', '夏', '夜空', ' ', '燃燒', ' ', '然後墜', '落']"
餘燼再沒有你一絲挽留,"['餘燼', '再', '沒', '有', '你', '一絲', '挽留']"
也沒有我強求,"['也', '沒', '有', '我', '強求']"
我無從找起愛過你的理由,"['我', '無', '從', '找', '起愛過', '你', '的', '理由']"
停格畫面零碎成記憶煙火,"['停格', '畫面', '零碎', '成記憶', '煙火']"
盛放了夏夜空 燃燒 然後墜落,"['盛放', '了', '夏', '夜空', ' ', '燃燒', ' ', '然後墜', '落']"
餘燼再沒有你一絲挽留,"['餘燼', '再', '沒', '有', '你', '一絲', '挽留']"
也沒有我強求,"['也', '沒', '有', '我', '強求']"
我已想不起你的表情 在你走的時候,"['我', '已', '想不起', '你', '的', '表情', ' ', '在', '你', '走', '的', '時候']"
是掙扎得難以形容,"['是', '掙扎得', '難以', '形容']"
還是輕易得無地自容,"['還是', '輕', '易得', '無地', '自容']"
獨角仙的夢,"['獨角', '仙', '的', '夢']"
驕傲地活著 向晚的天空裡飛,"['驕傲', '地活', '著', ' ', '向晚', '的', '天空', '裡飛']"
身體還殘留著 土壤氣味,"['身體', '還殘留', '著', ' ', '土壤', '氣味']"
高樓天際線 尖銳地割開夕陽的窗簾,"['高樓', '天際線', ' ', '尖銳', '地割', '開夕陽', '的', '窗簾']"
卻透不進光線,"['卻', '透', '不', '進光線']"
有沒有一座花園 很美,"['有', '沒', '有', '一座', '花園', ' ', '很', '美']"
光臘樹盛開鮮豔,"['光臘樹盛', '開鮮', '豔']"
霧霾中睜開雙眼 卻看見,"['霧', '霾', '中睜開', '雙眼', ' ', '卻', '看', '見']"
城市燈火炙烈,"['城市', '燈火炙烈']"
看我往前飛 看我一角劈開夏天,"['看', '我', '往前', '飛', ' ', '看', '我', '一角', '劈開', '夏天']"
劈開了 水泥和鋼鐵,"['劈開', '了', ' ', '水泥', '和', '鋼鐵']"
飛回童年的鄉間,"['飛回', '童年', '的', '鄉間']"
跟我往前飛 在翅膀都風乾以前,"['跟', '我', '往前', '飛', ' ', '在', '翅膀', '都', '風乾', '以前']"
能飛多遠 就飛更遠一點,"['能', '飛多遠', ' ', '就', '飛', '更', '遠', '一點']"
去找回綠色的夏天,"['去', '找回', '綠色', '的', '夏天']"
成群的孩子 低著頭越過斑馬線,"['成群', '的', '孩子', ' ', '低著頭', '越過', '斑馬線']"
誰偷走了他們 頭上的星點,"['誰', '偷走', '了', '他們', ' ', '頭上', '的', '星點']"
無止盡改變 今日的柏油昨日的森野,"['無止', '盡', '改變', ' ', '今日', '的', '柏油', '昨日', '的', '森野']"
前進還是後退,"['前進', '還是', '後', '退']"
有沒有一座花園 很美,"['有', '沒', '有', '一座', '花園', ' ', '很', '美']"
光臘樹盛開鮮豔,"['光臘樹盛', '開鮮', '豔']"
霧霾中睜開雙眼 卻看見,"['霧', '霾', '中睜開', '雙眼', ' ', '卻', '看', '見']"
城市燈火炙烈,"['城市', '燈火炙烈']"
看我往前飛 看我一角劈開夏天,"['看', '我', '往前', '飛', ' ', '看', '我', '一角', '劈開', '夏天']"
劈開了 水泥和鋼鐵,"['劈開', '了', ' ', '水泥', '和', '鋼鐵']"
飛回童年的鄉間,"['飛回', '童年', '的', '鄉間']"
跟我往前飛 在翅膀都風乾以前,"['跟', '我', '往前', '飛', ' ', '在', '翅膀', '都', '風乾', '以前']"
能飛多遠 就飛更遠一點,"['能', '飛多遠', ' ', '就', '飛', '更', '遠', '一點']"
去找回綠色的夏天,"['去', '找回', '綠色', '的', '夏天']"
小時候幻想穿上了鎧甲去冒險,"['小時候', '幻想', '穿', '上', '了', '鎧甲去', '冒險']"
去尋找一座藏著寶藏的森林裡,"['去', '尋找', '一座', '藏著', '寶藏', '的', '森林', '裡']"
我們跳舞 我們遊戲著 笑臉,"['我們', '跳舞', ' ', '我們', '遊戲', '著', ' ', '笑', '臉']"
長大卻發現世界不如想像完美,"['長', '大', '卻', '發現', '世界', '不如', '想像', '完美']"
大人說砍下樹木就會流出金錢,"['大人', '說', '砍', '下樹木', '就', '會', '流出', '金錢']"
我的夢卻要破碎,"['我', '的', '夢', '卻', '要', '破碎']"
不能妥協,"['不能', '妥協']"
看我往前飛 看我一角劈開夏天,"['看', '我', '往前', '飛', ' ', '看', '我', '一角', '劈開', '夏天']"
劈開了 水泥和鋼鐵,"['劈開', '了', ' ', '水泥', '和', '鋼鐵']"
立起旗桿挑戰整個世界,"['立起', '旗桿', '挑戰', '整個', '世界']"
跟我往前飛 在翅膀都風乾以前,"['跟', '我', '往前', '飛', ' ', '在', '翅膀', '都', '風乾', '以前']"
能飛多遠 就飛更遠一點,"['能', '飛多遠', ' ', '就', '飛', '更', '遠', '一點']"
去找回綠色的夏天,"['去', '找回', '綠色', '的', '夏天']"
不是因為天氣晴朗才愛你,"['不是', '因為', '天氣', '晴朗', '才', '愛', '你']"
不是因為天氣晴朗才愛你,"['不是', '因為', '天氣', '晴朗', '才', '愛', '你']"
不是因為看見星星才想你,"['不是', '因為', '看見', '星星', '才', '想', '你']"
不是因為剛好沒有別的事,"['不是', '因為', '剛好', '沒有別', '的', '事']"
才一直一直一直,"['才', '一直', '一直', '一直']"
在腦海裡複習,"['在', '腦海裡', '複', '習']"
擁抱你 什麼角度最合適,"['擁抱', '你', ' ', '什麼', '角度', '最合適']"
其實我 常會想像我們老了的樣子,"['其實', '我', ' ', '常會', '想像', '我們', '老', '了', '的', '樣子']"
左邊牽著手 右手拉小狗,"['左邊', '牽著手', ' ', '右手', '拉', '小狗']"
可能還有很多小孩子,"['可能', '還有', '很多', '小孩子']"
其實我 不是因為好天氣才這麼說,"['其實', '我', ' ', '不是', '因為', '好', '天氣', '才', '這麼', '說']"
牽著你走過,"['牽著', '你', '走過']"
大雨盛開水花的路口,"['大雨', '盛開', '水花', '的', '路口']"
也是我一樣喜歡的夢,"['也', '是', '我', '一樣', '喜歡', '的', '夢']"
不是因為天氣晴朗才愛你,"['不是', '因為', '天氣', '晴朗', '才', '愛', '你']"
不是因為看見星星才想你,"['不是', '因為', '看見', '星星', '才', '想', '你']"
不是因為剛好沒有別的事,"['不是', '因為', '剛好', '沒有別', '的', '事']"
才一直一直一直,"['才', '一直', '一直', '一直']"
在腦海裡複習,"['在', '腦海裡', '複', '習']"
擁抱你 什麼角度最合適,"['擁抱', '你', ' ', '什麼', '角度', '最合適']"
其實我 常會想像我們老了的樣子,"['其實', '我', ' ', '常會', '想像', '我們', '老', '了', '的', '樣子']"
左邊牽著手 右手拉小狗,"['左邊', '牽著手', ' ', '右手', '拉', '小狗']"
可能還有很多小孩子,"['可能', '還有', '很多', '小孩子']"
其實我 不是因為好天氣才這麼說,"['其實', '我', ' ', '不是', '因為', '好', '天氣', '才', '這麼', '說']"
牽著你走過,"['牽著', '你', '走過']"
大雨盛開水花的路口,"['大雨', '盛開', '水花', '的', '路口']"
也是我一樣喜歡的夢,"['也', '是', '我', '一樣', '喜歡', '的', '夢']"
牽著你走過,"['牽著', '你', '走過']"
大雨盛開水花的路口,"['大雨', '盛開', '水花', '的', '路口']"
也是我一樣喜歡的夢,"['也', '是', '我', '一樣', '喜歡', '的', '夢']"
你留給我的遺憾無以名狀,"['你', '留給', '我', '的', '遺憾', '無以', '名狀']"
你留給我的遺憾 無以名狀,"['你', '留給', '我', '的', '遺憾', ' ', '無以', '名狀']"
太過膚淺的青春 成了珍藏,"['太過膚', '淺', '的', '青春', ' ', '成', '了', '珍藏']"
你留給我的情話 依然滾燙,"['你', '留給', '我', '的', '情話', ' ', '依然', '滾', '燙']"
夜裡喔嗚喔喔喔 耶耶咿耶耶,"['夜裡', '喔', '嗚', '喔', '喔', '喔', ' ', '耶耶咿耶耶']"
你留給我的美麗 無以名狀,"['你', '留給', '我', '的', '美麗', ' ', '無以', '名狀']"
底片裡的我們活像夏卡爾的畫,"['底片', '裡的', '我們', '活像', '夏卡爾', '的', '畫']"
你留給我的憂傷 只能吟唱,"['你', '留給', '我', '的', '憂傷', ' ', '只能', '吟唱']"
成了喔嗚喔喔喔 耶耶咿耶耶,"['成', '了', '喔', '嗚', '喔', '喔', '喔', ' ', '耶耶咿耶耶']"
誰的輕狂 在炎夏無處安放,"['誰', '的', '輕狂', ' ', '在', '炎夏', '無處', '安放']"
誰的年華 又不甘孤芳自賞,"['誰', '的', '年華', ' ', '又', '不甘', '孤芳', '自賞']"
樹遇火光 我們都無法躲藏,"['樹遇', '火光', ' ', '我們', '都', '無法', '躲藏']"
以為的天堂 卻是行空的天馬,"['以為', '的', '天堂', ' ', '卻', '是', '行空', '的', '天馬']"
你留給我的遺憾 無以名狀,"['你', '留給', '我', '的', '遺憾', ' ', '無以', '名狀']"
太過膚淺的青春 成了珍藏,"['太過膚', '淺', '的', '青春', ' ', '成', '了', '珍藏']"
你留給我的情話 依然滾燙,"['你', '留給', '我', '的', '情話', ' ', '依然', '滾', '燙']"
夜裡喔嗚喔喔喔 耶耶咿耶耶,"['夜裡', '喔', '嗚', '喔', '喔', '喔', ' ', '耶耶咿耶耶']"
你留給我的美麗 也無以名狀,"['你', '留給', '我', '的', '美麗', ' ', '也', '無以', '名狀']"
底片裡的我們活像夏卡爾的畫,"['底片', '裡的', '我們', '活像', '夏卡爾', '的', '畫']"
你留給我的憂傷 只能吟唱,"['你', '留給', '我', '的', '憂傷', ' ', '只能', '吟唱']"
成了喔嗚喔喔喔 耶耶咿耶耶,"['成', '了', '喔', '嗚', '喔', '喔', '喔', ' ', '耶耶咿耶耶']"
恨不得恨不得把你給忘了,"['恨不得', '恨不得', '把', '你給', '忘', '了']"
捨不得捨不得把你給丟了,"['捨', '不得', '捨', '不得', '把', '你給', '丟了']"
你說愛情不過是種生物過程,"['你', '說', '愛情', '不過', '是種', '生物', '過程']"
別一再受困 顯得太愚蠢,"['別', '一再', '受困', ' ', '顯得', '太', '愚蠢']"
說完便轉身 親吻下一雙嘴唇,"['說', '完便', '轉身', ' ', '親吻', '下', '一雙', '嘴唇']"
你留給我的遺憾 無以名狀,"['你', '留給', '我', '的', '遺憾', ' ', '無以', '名狀']"
太過膚淺的青春 成了珍藏,"['太過膚', '淺', '的', '青春', ' ', '成', '了', '珍藏']"
你留給我的情話 依然滾燙,"['你', '留給', '我', '的', '情話', ' ', '依然', '滾', '燙']"
夜裡喔嗚喔喔喔 耶耶咿耶耶,"['夜裡', '喔', '嗚', '喔', '喔', '喔', ' ', '耶耶咿耶耶']"
你留給我的美麗 也無以名狀,"['你', '留給', '我', '的', '美麗', ' ', '也', '無以', '名狀']"
底片裡的我們活像夏卡爾的畫,"['底片', '裡的', '我們', '活像', '夏卡爾', '的', '畫']"
你留給我的憂傷 只能吟唱,"['你', '留給', '我', '的', '憂傷', ' ', '只能', '吟唱']"
成了喔嗚喔喔喔 耶耶咿耶耶,"['成', '了', '喔', '嗚', '喔', '喔', '喔', ' ', '耶耶咿耶耶']"
習慣不習慣,"['習慣', '不習慣']"
日落的台北並不十分寧靜,"['日落', '的', '台北', '並不', '十分', '寧靜']"
燈火通明的巷弄裡 獨坐咖啡廳,"['燈火', '通明', '的', '巷弄', '裡', ' ', '獨坐', '咖啡', '廳']"
想像著你 是否也曾在此寫下詩句,"['想像', '著', '你', ' ', '是否', '也', '曾', '在', '此', '寫', '下', '詩句']"
用什麼詞彙描述我和你,"['用什麼', '詞', '彙', '描述', '我', '和', '你']"
等待月光為你鋪設路徑,"['等待', '月光', '為', '你', '鋪', '設路徑']"
讓我看看你那一雙 最愛笑的眼睛,"['讓', '我', '看看', '你', '那', '一雙', ' ', '最愛笑', '的', '眼睛']"
城市風景 又在你身上鑿刻什麼痕跡,"['城市', '風景', ' ', '又', '在', '你', '身上', '鑿刻', '什麼', '痕跡']"
是我未能參與,"['是', '我', '未能', '參與']"
你說我們已習慣這樣的距離,"['你', '說', '我們', '已', '習慣', '這樣', '的', '距離']"
習慣了用問候包裝求救,"['習慣', '了', '用', '問候', '包裝', '求救']"
習慣想念用一句晚安帶過,"['習慣', '想念', '用', '一句', '晚安', '帶過']"
習慣獨自入夢,"['習慣', '獨自入', '夢']"
卻不習慣你不在我左右,"['卻', '不', '習慣', '你', '不', '在', '我', '左右']"
習慣了用微笑代替揮手,"['習慣', '了', '用', '微笑', '代替', '揮手']"
在每個又要分開的時候,"['在', '每個', '又', '要', '分開', '的', '時候']"
習慣了遠距離,"['習慣', '了', '遠', '距離']"
卻不習慣告訴你 我多需要你,"['卻', '不', '習慣', '告訴', '你', ' ', '我', '多', '需要', '你']"
為何看著你卻又沉默不語,"['為何', '看', '著', '你', '卻', '又', '沉默', '不語']"
忘記所有該表的情 該聊的甜蜜,"['忘記', '所有', '該表', '的', '情', ' ', '該', '聊', '的', '甜蜜']"
好不容易 見上了一面卻又怯了情,"['好不容易', ' ', '見', '上', '了', '一面', '卻', '又', '怯', '了', '情']"
討厭這樣的自己,"['討厭', '這樣', '的', '自己']"
是否我們已習慣之間的距離,"['是否', '我們', '已', '習慣', '之間', '的', '距離']"
為何總學不會 誠實地告訴你,"['為何', '總學', '不會', ' ', '誠實', '地', '告訴', '你']"
總在一些太黑的夜裡 盼著你的關心,"['總在', '一些', '太黑', '的', '夜裡', ' ', '盼著', '你', '的', '關心']"
倔強說我可以 距離不是問題,"['倔強', '說', '我', '可以', ' ', '距離', '不是', '問題']"
卻在獨處時忍不住哭泣,"['卻', '在', '獨處', '時', '忍不住', '哭泣']"
習慣了遠距離,"['習慣', '了', '遠', '距離']"
卻不習慣告訴你 我多需要你,"['卻', '不', '習慣', '告訴', '你', ' ', '我', '多', '需要', '你']"
漂鳥,['漂鳥']
他離開以後 已經換了幾個季,"['他離', '開以', '後', ' ', '已經換', '了', '幾個', '季']"
窗外沒有下起雨,"['窗外', '沒有', '下', '起雨']"
也沒有陽光和他的消息,"['也', '沒', '有陽光', '和', '他', '的', '消息']"
安靜的巢裡 笑容銷聲匿跡,"['安靜', '的', '巢裡', ' ', '笑容', '銷聲', '匿跡']"
我輕輕捧起貝殼,"['我輕輕', '捧起', '貝殼']"
再聽不到那年海的聲音,"['再', '聽', '不到', '那年', '海', '的', '聲音']"
我終究 不是他的天空,"['我', '終究', ' ', '不是', '他', '的', '天空']"
當他渴望湛藍和雲朵,"['當他', '渴望', '湛藍', '和', '雲朵']"
迎著風 揮動了翅膀去擁有遼闊,"['迎著風', ' ', '揮動', '了', '翅膀', '去', '擁有', '遼闊']"
他終究 是場太美的夢,"['他', '終究', ' ', '是場', '太', '美的', '夢']"
而我終究會不再淚流...,"['而', '我', '終究會', '不再', '淚流', '...']"
日落的時候 偶爾不自覺想起,"['日落', '的', '時候', ' ', '偶爾', '不', '自覺', '想起']"
你是否已經在哪裡,"['你', '是否', '已經', '在', '哪裡']"
擁抱了你真心嚮往的愛情,"['擁抱', '了', '你', '真心', '嚮', '往', '的', '愛情']"
我終究 不是他的天空,"['我', '終究', ' ', '不是', '他', '的', '天空']"
當他渴望湛藍和雲朵,"['當他', '渴望', '湛藍', '和', '雲朵']"
迎著風 揮動了翅膀去擁有遼闊,"['迎著風', ' ', '揮動', '了', '翅膀', '去', '擁有', '遼闊']"
他終究 是場太美的夢,"['他', '終究', ' ', '是場', '太', '美的', '夢']"
而我終究會不再淚流...,"['而', '我', '終究會', '不再', '淚流', '...']"
而我留下一扇窗口,"['而', '我', '留下', '一扇', '窗口']"
不再為誰守候,"['不再', '為', '誰', '守候']"
只是有時習慣望著天空,"['只是', '有', '時習', '慣望', '著', '天空']"
當我們的手勇敢緊握,"['當我們', '的', '手', '勇敢', '緊握']"
有沒有人懂我,"['有', '沒', '有人', '懂', '我']"
有沒有人在乎我,"['有', '沒', '有人', '在乎', '我']"
當我用盡力氣去做,"['當我用', '盡力', '氣去', '做']"
想像中完美那個我,"['想像中', '完美', '那個', '我']"
我沒那麼成熟,"['我', '沒', '那麼', '成熟']"
偶爾也會手足無措,"['偶爾', '也', '會', '手足', '無措']"
渴望自由卻一直閃躲,"['渴望', '自由', '卻', '一直', '閃', '躲']"
害怕只能繼續做夢,"['害怕', '只能', '繼續', '做', '夢']"
直到,['直到']
那天你來到我的天空,"['那天', '你', '來', '到', '我', '的', '天空']"
趕走烏雲後畫上彩虹,"['趕走', '烏雲後畫', '上', '彩虹']"
滿天的星空開始閃爍,"['滿天', '的', '星空', '開始', '閃爍']"
當我們的手勇敢緊握,"['當我們', '的', '手', '勇敢', '緊握']"
有一天 當你發覺,"['有', '一天', ' ', '當你', '發覺']"
全世界跟你作對的時候,"['全世界', '跟', '你', '作', '對', '的', '時候']"
要記得,"['要', '記得']"
原來的我,"['原來', '的', '我']"
美麗地綻放花朵,"['美麗地', '綻', '放', '花朵']"
而我們的愛,"['而', '我們', '的', '愛']"
我要大聲地說,"['我要', '大聲', '地', '說']"
不管多難也要一直走,"['不管', '多難', '也', '要', '一直', '走']"
多難也要一直走,"['多難', '也', '要', '一直', '走']"
我沒那麼成熟,"['我', '沒', '那麼', '成熟']"
偶爾也會手足無措,"['偶爾', '也', '會', '手足', '無措']"
渴望自由卻一直閃躲,"['渴望', '自由', '卻', '一直', '閃', '躲']"
害怕只能繼續做夢,"['害怕', '只能', '繼續', '做', '夢']"
直到,['直到']
那天你來到我的天空,"['那天', '你', '來', '到', '我', '的', '天空']"
趕走烏雲後畫上彩虹,"['趕走', '烏雲後畫', '上', '彩虹']"
滿天的星空開始閃爍,"['滿天', '的', '星空', '開始', '閃爍']"
當我們的手勇敢緊握,"['當我們', '的', '手', '勇敢', '緊握']"
有一天 當你發覺,"['有', '一天', ' ', '當你', '發覺']"
全世界跟你作對的時候,"['全世界', '跟', '你', '作', '對', '的', '時候']"
要記得,"['要', '記得']"
原來的我,"['原來', '的', '我']"
美麗地綻放花朵,"['美麗地', '綻', '放', '花朵']"
而我們的愛,"['而', '我們', '的', '愛']"
我要大聲地說,"['我要', '大聲', '地', '說']"
不管多難也要一直走,"['不管', '多難', '也', '要', '一直', '走']"
不再逃避忍受,"['不再', '逃避', '忍受']"
不再選擇沈默,"['不再', '選擇', '沈默']"
不再對愛放手,"['不再', '對', '愛', '放手']"
再次錯過 迷失了自我,"['再次', '錯過', ' ', '迷失', '了', '自我']"
有一天 當你發覺,"['有', '一天', ' ', '當你', '發覺']"
全世界跟你作對的時候,"['全世界', '跟', '你', '作', '對', '的', '時候']"
要記得,"['要', '記得']"
原來的我,"['原來', '的', '我']"
美麗地綻放花朵,"['美麗地', '綻', '放', '花朵']"
而我們的愛,"['而', '我們', '的', '愛']"
我要大聲地說,"['我要', '大聲', '地', '說']"
不管多難也要一直走,"['不管', '多難', '也', '要', '一直', '走']"
多難也要一直走,"['多難', '也', '要', '一直', '走']"
