案例,其他資訊
室內設計 | 桃園牛公館,現代風／20~40坪
室內設計 | 新北李公館,北歐風／舊屋翻新 20~40坪
室內設計 | 新北酈公館,北歐風／20~40坪
室內設計 | 台中吳公館,新美式風／舊屋翻新20~40坪
室內設計 | 新竹陳公館,北歐風／20~40坪
室內設計 | 新北莊公館,北歐風／閣樓、小宅
室內設計 | 新北許公館,現代風／20~40坪
室內設計 | 台中陳公館,北歐風／舊屋翻新 20~40坪
室內設計 | 桃園魏公館,現代風／舊屋翻新 20~40坪
室內設計 | 台中邱公館,現代風／舊屋翻新 20~40坪
室內設計 | 台北方公館,現代風／舊屋翻新 20~40坪
室內設計 | 新竹洪公館,混搭風／20~40坪
室內設計 | 新北黃公館,現代風／40坪以上
室內設計 | 新竹林公館,混搭風／舊屋翻新 20~40坪
室內設計 | 台中陳公館,飯店風／20-40坪
室內設計 | 新北牟公館,飯店風／20-40坪
室內設計 | 高雄劉公館,現代風／舊屋翻新 40坪以上
室內設計 | 新竹廖公館,現代風／舊屋翻新 20坪以下
室內設計 | 台中蔡公館,混搭風／40坪以上
室內設計 | 新竹黃公館,現代風／舊屋翻新 20坪以下
室內設計 | 淡水林公館,北歐風／20~40坪
室內設計 | 新北朱公館,混搭風／20~40坪
室內設計 | 高雄黃公館,現代風／20~40坪
室內設計 | 台中王公館,現代風／40坪以上
室內設計 | 新竹郭公館,古典風／舊屋翻新 40坪以上
室內設計 | 台南賴公館,混搭風／40坪以上
室內設計 | 台北陳公館,現代風／舊屋翻新 20~40坪
室內設計 | 新竹李公館,新美式風／20~40坪
室內設計 | 台北江公館,混搭風／40坪以上
室內設計 | 高雄黃公館,現代風／40坪以上
