songs,seg,lyricist,specific
作詞：邱建豪作曲：邱建豪、郭哲成編曲：理想混蛋主唱：邱建豪沒有行李 沒有目的一個人旅行在無邊黑暗裡 直到耗盡勇氣卻無人回應忘記了呼吸直到誰的溫熱把我喚醒指引卻無法觸及那絕對的距離投射光芒的你我獨自盤旋在看得見你的軌道仰望著你一圈再一圈的圍繞我不能靠近 卻也不願遠離習慣在你影子裡遊戲我的孤寂你成為了定律我放棄了時間轉過了一天過了一季過一年你一如往常發著光 而我就這樣安靜地被遺忘更多更詳盡歌詞 在 ※ Mojim.com　魔鏡歌詞網 我獨自盤旋在看得見你的軌道仰望著你一圈再一圈的圍繞我不能靠近 卻也不願遠離習慣在你影子裡遊戲我的孤寂你成為了定律我放棄了時間轉過了一天過了一季過一年你一如往常發著光 而我就這樣安靜地被遺忘我沉睡時幻想 你就在我身旁清醒卻發現 你仍然遠方你聽見了嗎 我在這裡歌唱一個人一個星球等待你一個回答也許有天時間把願望都埋葬只留下我為你踱步的殘響你一如往常發著光 而我就這樣安靜地被遺忘滿足地被遺忘幸福的被遺忘[00:00.00]理想混蛋Bestards - 行星[00:15.00][00:20.66][00:40.80][01:00.48][01:19.29][02:23.34][02:31.32][02:47.71][03:07.89][04:00.00][00:27.90]沒有行李 沒有目的[00:37.40]一個人旅行[00:47.21]在無邊黑暗裡 直到耗盡勇氣[00:56.02]卻無人回應[01:05.40]忘記了呼吸[01:10.20]直到誰的溫熱 把我喚醒[01:25.00]指引卻無法觸及[01:30.42]那絕對的距離[01:35.19]投射光芒的你[01:42.19][03:19.00]我獨自盤旋在看得見你的軌道[01:46.90][03:23.90]仰望著你一圈再一圈的圍繞[01:51.73][03:29.14]我不能靠近 卻也不願遠離[01:56.69][03:33.86]習慣在你影子裡遊戲我的孤寂[02:01.10][03:38.77]你成為了定律我放棄了時間[02:06.20][03:43.76]轉過了一天過了一季過一年[02:11.10][03:48.64]你一如往常發著光而我就這樣[02:18.32][03:55.81]安靜地被遺忘[04:08.14]我沉睡時幻想 你就在我身旁[04:12.48]清醒卻發現 你仍然遠方[04:17.90]你聽見了嗎 我在這裡歌唱[04:22.35]一個人一個星球等待你一個回答[04:27.70]也許有天時間把願望都埋葬[04:32.45]只留下我為你踱步的殘響[04:36.90]你一如往常發著光而我就這樣[04:44.50]安靜地被遺忘[04:49.34]滿足地被遺忘[04:54.00]幸福的被遺忘[04:59.87][05:10.40][05:30.00]-END- 感謝 未命名的翼  提供動態歌詞,"['一個', '遺忘', '發著光', '這樣', '安靜', '地被', '沒有', '一圈', '一如', '往常', '獨自盤', '軌道', '圍繞', '不願', '遠離', '習慣', '裡遊戲', '成為', '我放棄', '時間', '轉過', '過了', '孤寂', '一季', '仰望', '無邊', '耗盡', '勇氣', '無人', '回應', '忘記', '溫熱', '喚醒', '無法觸', '那絕', '距離', '發現', '遠方', '這裡', '許有', '天時間', '願望', '殘響', '滿足', '直到', '定律', '影子', '靠近', '星球', '踱步', '沉睡', '投射', '混蛋', '埋葬', '歌唱', '指引', '一天', '光芒', '旅行', '一年', '身旁', '行李', '幻想', '清醒', '黑暗', '呼吸', '幸福', '理想', '未命名', '等待', '不能', 'Mojim', 'Bestards', 'END', '感謝', '動態', '留下', '回答', '目的', '忘我', '仍然', '行星', '提供']",邱建豪,邱建豪
演唱：邱建豪作詞：邱建豪作曲：邱建豪編曲：理想混蛋不是因為天氣晴朗才愛你不是因為看見星星才想你不是因為剛好沒有別的事才一直一直一直在腦海裡複習擁抱你 什麼角度最合適其實我 常會想像我們老了的樣子左邊牽著手 右手拉小狗可能還有很多小孩子其實我 不是因為好天氣才這麼說牽著你走過大雨盛開水花的路口也是我一樣喜歡的夢更多更詳盡歌詞 在 ※ Mojim.com　魔鏡歌詞網 不是因為天氣晴朗才愛你不是因為看見星星才想你不是因為剛好沒有別的事才一直一直一直在腦海裡複習擁抱你 什麼角度最合適其實我 常會想像我們老了的樣子左邊牽著手 右手拉小狗可能還有很多小孩子其實我 不是因為好天氣才這麼說牽著你走過大雨盛開水花的路口也是我一樣喜歡的夢牽著你走過大雨盛開水花的路口也是我一樣喜歡的夢,"['因為', '天氣', '牽著', '走過', '盛開', '一樣', '喜歡', '不是', '水花', '一直', '大雨', '路口', '看見', '剛好', '沒有別', '腦海裡', '習擁', '什麼', '最合', '適其實', '常會', '我們', '樣子', '左邊', '牽著手', '還有', '其實', '這麼', '晴朗', '小狗', '想像', '星星', '小孩子', '右手', '角度', 'Mojim', '很多', '混蛋', '演唱', '可能', '理想']",邱建豪,邱建豪
作詞：邱建豪作曲：邱建豪編曲：理想混蛋驕傲的活著 向晚的天空裡飛身體還殘留著 土壤氣味高樓天際線 尖銳的割開夕陽的窗簾卻透不進光線有沒有一座花園 很美光臘樹盛開鮮豔霧霾中睜開雙眼 卻看見城市燈火炙烈看我往前飛 看我一角劈開夏天劈開了 水泥和鋼鐵飛回童年的鄉間跟我往前飛 在翅膀都風乾以前能飛多遠 就飛更遠一點去找回綠色的夏天成群的孩子 低著頭越過斑馬線誰偷走了他們 頭上的星點無止盡改變 今日的柏油昨日的森野前進還是後退有沒有一座花園 很美更多更詳盡歌詞 在 ※ Mojim.com　魔鏡歌詞網 光臘樹盛開鮮豔霧霾中睜開雙眼 卻看見城市燈火炙烈看我往前飛 看我一角劈開夏天劈開了 水泥和鋼鐵飛回童年的鄉間跟我往前飛 在翅膀都風乾以前能飛多遠 就飛更遠一點去找回綠色的夏天小時候幻想穿上了鎧甲去冒險去尋找一座藏著寶藏的森林裡我們跳舞 我們遊戲著 笑臉長大卻發現世界不如想像完美大人說砍下樹木就會流出金錢我的夢卻要破碎不能妥協看我往前飛 看我一角劈開夏天劈開了 水泥和鋼鐵立起旗桿挑戰整個世界跟我往前飛 在翅膀都風乾以前能飛多遠 就飛更遠一點去找回綠色的夏天,"['劈開', '往前', '夏天', '風乾', '飛多遠', '一點', '綠色', '找回', '一角', '花園', '開鮮', '中睜開', '雙眼', '燈火炙烈', '鋼鐵飛', '鄉間', '翅膀', '水泥', '一座', '童年', '以前', '驕傲', '活著', '裡飛', '身體', '還殘留', '氣味', '高樓', '天際線', '尖銳', '開夕陽', '窗簾', '進光線', '美光臘', '樹盛', '低著頭', '越過', '斑馬線', '他們', '頭上', '星點', '無止', '改變', '森野前', '進還', 'Mojim', '光臘樹盛', '小時候', '鎧甲去', '冒險', '尋找', '藏著', '寶藏', '裡我們', '我們', '遊戲', '臉長', '發現', '下樹木', '金錢', '妥協', '鋼鐵立', '起旗桿', '挑戰', '整個', '向晚', '柏油', '偷走', '很美', '城市', '混蛋', '世界', '跳舞', '想像', '破碎', '成群', '幻想', '完美', '天空', '流出', '土壤', '理想', '森林', '大人', '不如', '孩子', '昨日', '今日', '不能']",邱建豪,邱建豪
作詞：邱建豪作曲：邱建豪編曲：理想混蛋怎麼結束一個夜不成眠的夏天遺落的都已漸遠再強揹都是累贅怎麼結束一個支離破碎的夏天珍貴的都已不見你都已不見我無從找起愛過你的理由預設的美好卻成失蹤人口更多更詳盡歌詞 在 ※ Mojim.com　魔鏡歌詞網 你沉默往黑夜逃走 懦弱過了頭逆轉的時鐘蒸發你的下落我無從找起愛過你的理由停格畫面零碎成記憶煙火盛放了夏夜空 燃燒 然後墜落餘燼再沒有你一絲挽留也沒有我強求我已想不起你的表情 在你走的時候是掙扎得難以形容還是輕易得無地自容,"['不見', '起愛過', '夏天', '理由', '怎麼', '結束', '一個', '遺落', '已漸', '珍貴', '預設', '卻成', 'Mojim', '過了', '頭逆轉', '時鐘', '蒸發', '停格', '畫面', '成記憶', '煙火', '燃燒', '然後墜', '落餘燼', '一絲', '強求', '時候', '掙扎得', '難以', '還是', '無地', '自容', '成眠', '盛放', '易得', '零碎', '想不起', '懦弱', '挽留', '混蛋', '夜空', '破碎', '黑夜', '下落', '形容', '美好', '逃走', '沉默', '表情', '理想', '人口']",邱建豪,邱建豪
作詞：邱建豪作曲：邱建豪時光暫停 當你緩緩走近深邃的微笑是精靈的邀請屏住呼吸 我們小心翼翼擺放天平上完美劑量的濃郁我不是太擅長不著邊際的遊戲卻因你沉溺更多更詳盡歌詞 在 ※ Mojim.com　魔鏡歌詞網 平衡木上的愛情你左搖我右晃暈眩的香氣往後一步曖昧卻和諧的距離往前一步心就貼緊平衡木上我和你來回時而欲墜幸運總時而降臨我的膽小透明 乘著你溫柔勇氣一躍 安全降落愛情,"['愛情', '平衡木', '一步', '時光', '暫停', '當你', '緩緩', '精靈', '我們', '擺放', '劑量', '濃郁', '擅長', '不著', '邊際', '遊戲', 'Mojim', '左搖', '右晃暈', '香氣', '曖昧', '和諧', '距離', '回時', '幸運', '總時', '降臨', '膽小', '乘著', '溫柔', '勇氣', '一躍', '沉溺', '屏住', '天平', '深邃', '降落', '小心翼翼', '走近', '往前', '完美', '透明', '呼吸', '微笑', '安全', '不是']",邱建豪,邱建豪
"作詞：邱建豪作曲：盧可沛編曲：盧可沛Hey, my dear star喜歡看你笑容模樣有些話 不必用言語表達一個微笑就是最好解答Hey, my dear star有時候也許感到徬徨我知道 花花世界太複雜我願意陪著你一起去闖親愛的你你是道獨一無二的星光你無聲領航 愛的方向我因你學會驕傲堅強親愛的你更多更詳盡歌詞 在 ※ Mojim.com　魔鏡歌詞網 我要給你一個大大的擁抱黑夜過去 總會破曉讓我牽著你翱翔 每一刻寬廣Hey, my dear star喜歡看你笑容模樣我知道 花花世界太複雜我願意陪著你一起去闖親愛的你你是道獨一無二的星光無聲領航 愛的方向我為你感到驕傲堅強親愛的你我要給你一個大大的擁抱黑夜過去 總會破曉讓我牽著你翱翔 每一刻","['愛的', 'Hey', 'my', 'dear', 'star', '一個', '每一刻', '喜歡', '模樣', '雜我', '願意', '闖親', '獨一無二', '無聲', '領航', '驕傲', '堅強', '親愛的', '要給', '擁抱', '過去', '總會', '破曉讓', '牽著', '花花世界', '翱翔', '大大的', '星光', '黑夜', '笑容', '徬徨', '用言語', '表達', '時候', '也許', '學會', 'Mojim', '寬廣', '方向', '感到', '一起', '解答', '知道', '微笑', '不必', '最好', '有些', '就是']",邱建豪,邱建豪
作詞：邱建豪作曲：邱建豪一連下了好幾天的雨月光照著你濕透的身影雨滴一點一滴 眼淚一點一滴沖走了你微笑的表情一連下了好幾星期的雨發霉的房間裡 開出一片寬廣森林你在樹下休息 偶爾翻閱些回憶偶爾只靜靜等待著雨停讓我陪著你在這雨中旅行有時壞天氣沒有什麼原因生命 總要人一再地練習練習勇敢 練習把疼痛忘記我會陪著你在這雨中旅行直到微笑再次變得容易我還會 在季風睡去的夜晚更多更詳盡歌詞 在 ※ Mojim.com　魔鏡歌詞網 夢見你說 明天就要放晴一連下了好幾個月的雨麻木的心就像 摔落泥濘的紙飛機雨為什麼不停 天空沒有回應你不再哭 學著相信自己讓我陪著你在這雨中旅行有時壞天氣沒有什麼原因生命 總要人一再地練習練習勇敢 練習把疼痛忘記我會陪著你在這雨中旅行直到微笑再次變得容易我還會 在季風睡去的夜晚夢見你說 明天就要放晴[00:00.00]理想混蛋[00:10.00]滯留鋒[00:15.00]作詞：邱建豪[00:18.00]作曲：邱建豪[00:20.00][00:22.00]一連下了好幾天的雨[00:35.90]月光照著你濕透的身影[00:48.80]雨滴一點一滴 眼淚一點一滴[00:56.00]沖走了你微笑的表情[01:10.00][01:16.50]一連下了好幾星期的雨[01:29.90]發霉的房間裡 開出一片寬廣森林[01:42.50]你在樹下休息 偶爾翻閱些回憶[01:49.90]偶爾只靜靜等待著雨停[01:55.00][02:00.00]讓我陪著你在這雨中旅行[02:07.90]有時壞天氣沒有什麼原因[02:14.90]生命 總要人一再地練習[02:20.00]練習勇敢 練習把疼痛忘記[02:27.00][02:29.10]我會陪著你在這雨中旅行[02:36.50]直到微笑再次變得容易[02:43.00]我還會 在季風睡去的夜晚[02:49.00]夢見你說 明天就要放晴[03:10.00][03:12.00]一連下了好幾個月的雨[03:25.50]麻木的心就像 摔落泥濘的紙飛機[03:38.10]雨為什麼不停 天空沒有回應[03:45.00]你不再哭 學著相信自己[03:54.00][03:56.00]讓我陪著你在這雨中旅行[04:03.50]有時壞天氣沒有什麼原因[04:10.30]生命 總要人一再地練習[04:15.80]練習勇敢 練習把疼痛忘記[04:23.00][04:25.00]我會陪著你在這雨中旅行[04:32.00]直到微笑再次變得容易[04:38.90]我還會 在季風睡去的夜晚[04:44.50]夢見你說 明天就要放晴[04:53.00] 感謝 楊羽  提供動態歌詞 感謝 雞丁  修正歌詞,"['這雨中', '一連下', '沒有', '什麼', '練習', '旅行', '一點', '時壞', '天氣', '總要', '忘記', '我會', '變得', '還會', '季風', '夢見', '放晴', '微笑', '一滴', '勇敢', '一再', '夜晚', '疼痛', '明天', '生命', '幾天', '濕透', '眼淚', '發霉', '房間裡', '開出', '寬廣', '樹下', '偶爾翻', '閱些', '回憶', '偶爾', '只靜靜', '地練', '習練習', '幾個', '摔落', '泥濘', '回應', '學著', '地練習', '感謝', '直到', '就要', '再次', '容易', '雨滴', '原因', '光照', '麻木', '星期', '身影', '天空', '表情', '不停', '森林', '休息', '等待', '著雨', 'Mojim', '紙飛', '機雨為', '滯留鋒', '著雨停', '紙飛機', '雨為', '楊羽', '動態', '相信', '一片', '不再', '混蛋', '修正', '自己', '理想', '提供']",邱建豪,邱建豪
作詞：邱建豪作曲：盧可沛我沒有忘記怎麼善良只是學會在相信之前多一點武裝我沒有忘記何謂互相只是習慣在擁抱之前多些觀察什麼是真的 什麼是假的什麼是對 什麼是錯長大後的我們 什麼都不知道了我是來自天真世界的一名叛徒誰會告訴我這是正確的路隱藏你的笑 你的哭喜怒哀樂讓人看不清楚那就對了 這就是大人必備的技術我是來自天真世界的一名叛徒勉強地融入 這謊言堆砌的國度掩飾每個錯 每個誤更多更詳盡歌詞 在 ※ Mojim.com　魔鏡歌詞網 試圖成為人群中最安全的眾數好不孤獨時間 你為何帶來成長時間 你為何帶來成長時間 你為何帶來成長又想狠狠帶走 最簡單的嚮往不想再做天真世界的一名叛徒若沒有了自己 還有什麼好在乎只想記住怎麼笑 怎麼哭讓每個夢每滴淚都銘心刻骨真的夠了 成人世界虛偽得讓我想吐不想再做天真世界的一名叛徒不願再接受 名為成熟的束縛時代再殘酷 再荒蕪這一刻我們終於踏上歸途不再辜負 與生俱來的自由天賦,"['什麼', '怎麼', '時間', '何帶', '成長', '叛徒', '天真', '一名', '每個', '世界', '忘記', '學會', '多一點', '武裝', '記何謂', '習慣', '擁抱', '觀察什麼', '錯長', '我們', '告訴', '這是', '正確', '隱藏', '哀樂', '必備', '技術', '勉強', '這謊', '國度', '掩飾', '每個誤', 'Mojim', '試圖', '成為', '眾數', '孤獨', '簡單', '還有', '記住', '每滴', '銘心', '夠了', '虛偽', '不願', '名為', '束縛', '時代', '殘酷', '荒蕪', '我們終', '歸途', '辜負', '生俱來', '天賦', '不想', '刻骨', '真的', '喜怒', '之前', '堆砌', '多些', '看不清楚', '在乎', '只是', '只想', '融入', '踏上', '善良', '一刻', '成人', '狠狠', '人群', '大人', '互相', '成熟', '自由', '相信', '安全', '不再', '接受', '知道', '就是', '自己']",邱建豪,邱建豪
作詞：邱建豪作曲：盧可沛我沒有忘記怎麼善良只是學會在相信之前多一點武裝我沒有忘記何謂互相只是習慣在擁抱之前多些觀察什麼是真的 什麼是假的什麼是對 什麼是錯長大後的我們 什麼都不知道了我是來自天真世界的一名叛徒誰會告訴我這是正確的路隱藏你的笑 你的哭喜怒哀樂讓人看不清楚那就對了 這就是大人必備的技術我是來自天真世界的一名叛徒勉強地融入 這謊言堆砌的國度掩飾每個錯 每個誤試圖成為人群中最安全的眾數好不孤獨什麼是真的 什麼是假的什麼是對 什麼是錯長大後的我們 什麼都不知道了更多更詳盡歌詞 在 ※ Mojim.com　魔鏡歌詞網 我是來自天真世界的一名叛徒誰會告訴我這是正確的路隱藏你的笑 你的哭喜怒哀樂讓人看不清楚那就對了 這就是大人必備的技術我是來自天真世界的一名叛徒勉強地融入 這謊言堆砌的國度掩飾每個錯 每個誤試圖成為人群中最安全的眾數好不孤獨時間 你為何帶來成長又想狠狠帶走 最簡單的嚮往不想再做天真世界的一名叛徒若沒有了自己 還有什麼好在乎只想記住怎麼笑 怎麼哭讓每個夢每滴淚都銘心刻骨真的夠了 成人世界虛偽得讓我想吐不想再做天真世界的一名叛徒不願再接受 名為成熟的束縛時代再殘酷 再荒蕪這一刻我們終於踏上歸途不再辜負 與生俱來的自由天賦,"['什麼', '每個', '叛徒', '天真', '一名', '怎麼', '世界', '錯長', '我們', '告訴', '這是', '正確', '隱藏', '哀樂', '必備', '技術', '勉強', '這謊', '國度', '掩飾', '誤試', '圖成', '眾數', '喜怒', '堆砌', '看不清楚', '真的', '融入', '人群', '大人', '忘記', '學會', '多一點', '武裝', '記何謂', '習慣', '擁抱', '觀察什麼', '獨什麼', 'Mojim', '孤獨', '時間', '何帶', '成長', '簡單', '還有', '記住', '每滴', '銘心', '夠了', '虛偽', '不願', '名為', '束縛', '時代', '殘酷', '荒蕪', '我們終', '歸途', '辜負', '生俱來', '天賦', '不想', '刻骨', '安全', '之前', '多些', '在乎', '只是', '只想', '踏上', '善良', '知道', '一刻', '成人', '狠狠', '就是', '互相', '成熟', '自由', '相信', '不再', '接受', '自己']",邱建豪,邱建豪
feat. 廖文強作詞：邱建豪、郭哲成作曲：邱建豪、郭哲成你孤獨地冒險 任由寂寞氣味瀰漫盤旋你說你不怕黑 已習慣夜色相陪遊走城市邊界 遍尋不著一個擁抱 溫柔以對努力勉強的笑臉 越傷痕累累再勇敢一點 潰堤的淚水 不代表妥協別讓自卑淹沒 你所有的視線倔強跨越那些不完美再坦然一些 白晝或黑夜 都值得紀念去細數故事裡 無論甜美心碎傷口也能開出燦爛的玫瑰誰再一次否決 再一次用謊言掩蓋歧見不安於世的罪 是驕傲的註解更多更詳盡歌詞 在 ※ Mojim.com　魔鏡歌詞網 從現在起拒絕 一張張偽善臉孔 全都被打碎迷霧散去的原野將風光明媚再勇敢一點 潰堤的淚水 不代表妥協別讓自卑淹沒 你所有的視線倔強跨越那些不完美再坦然一些 白晝或黑夜 都值得紀念去細數故事裡 無論甜美心碎傷口也能開出燦爛的玫瑰我喜歡你無畏的雙眼再勇敢一點 潰堤的淚水宣言了明天曾劇烈的疼痛都會蛻變我們不完美 所以完美再坦然一些 白晝或黑夜都值得紀念去珍惜故事裡 所有甜美心碎傷口已然開出燦爛的玫瑰,"['一點', '潰堤', '淚水', '白晝', '紀念', '傷口', '開出', '燦爛', '心碎', '完美', '甜美', '坦然', '玫瑰', '黑夜', '妥協別', '視線', '倔強', '細數', '無論', '勇敢', '自卑', '故事', '值得', '跨越', '所有', '一些', 'feat', '獨地', '冒險', '氣味', '漫盤', '已習慣', '遊走', '邊界', '尋不著', '一個', '擁抱', '溫柔', '勉強', '越傷', '否決', '謊言', '掩蓋', '歧見', '驕傲', 'Mojim', '從現', '拒絕', '一張', '張偽善', '臉孔', '迷霧', '將風光', '喜歡', '無畏', '雙眼', '曾劇烈', '蛻變', '我們', '代表', '明媚', '那些', '累累', '任由', '相陪', '一次', '打碎', '珍惜', '原野', '已然', '夜色', '寂寞', '宣言', '疼痛', '不安', '全都', '不怕', '明天', '努力', '城市', '所以']",邱建豪、郭哲成,邱建豪
作詞：邱建豪作曲：盧可沛白日裡的螢火蟲照著鏡子看著自己認不得笑得再五光十色好不獨特空有對翅膀又如何溫室裡的玫瑰再鮮豔不過調色盤上一滴血演著孤芳自賞自艾自憐更多更詳盡歌詞 在 ※ Mojim.com　魔鏡歌詞網 再精彩不過是類似你的左邊右邊還不如當隻撲火的蝶他們都說你錯了 你不該撲火的沒什麼 不過是有點特別還不如當隻撲火的蝶自得其樂好過無人知曉的凋萎沒什麼 我就是有點特別沒什麼 我就是不想隨便地告別,"['不過', '沒什麼', '有點', '自艾', '凋萎', '不如', '裡的', '螢火蟲照', '著鏡子', '看著', '獨特空', '溫室裡', '再鮮', '調色盤', '血演', '孤芳', '自賞', '自憐', 'Mojim', '類似', '左邊', '邊還', '他們', '特別還', '其樂好', '過無人', '知曉', '特別', '隨便', '告別', '五光十色', '自得', '白日', '一滴', '玫瑰', '翅膀', '精彩', '就是', '不想', '不得', '如何', '自己']",邱建豪,邱建豪
作詞：邱建豪作曲：李建廷、盧可沛、邱建豪旅行的起點不需要形狀只要心已經開始流浪他背起行囊 裝進天真理想手中的地圖沒標示方向只有與生俱來的渴望沒想過投降 混蛋一樣地闖更多更詳盡歌詞 在 ※ Mojim.com　魔鏡歌詞網 受了傷還不停下 人們笑愚者多傻但不在乎終點模樣 才能開始得漂亮在每一個今天的笑容中醒來跨過昨日眼淚匯集的港灣傻裡傻氣地在 每一個今天的夢想中醒來放手所有過去未來 只擁抱此刻的燦爛,"['中醒', '起點', '形狀', '心已', '經開始', '裝進', '地圖', '標示', '生俱來', '沒想過', '一樣', 'Mojim', '傷還', '人們', '終點', '模樣', '一個', '跨過', '眼淚', '匯集', '港灣', '傻裡', '傻氣', '每一個', '過去', '未來', '擁抱', '燦爛', '愚者', '始得', '今天', '行囊', '背起', '混蛋', '流浪', '放手', '天真', '不在乎', '旅行', '渴望', '笑容', '漂亮', '不停', '此刻', '理想', '投降', '手中', '才能', '方向', '只要', '昨日', '所有', '只有', '需要']",邱建豪,邱建豪
作詞：邱建豪作曲：邱建豪、郭哲成沒有行李 沒有目的 一個人旅行在無邊黑暗裡 直到耗盡勇氣卻無人回應忘記了呼吸 直到誰的溫熱把我喚醒指引卻無法觸及那絕對的距離 投射光芒的你我獨自盤旋在看得見你的軌道仰望著你一圈再一圈的圍繞我不能靠近 卻也不願遠離習慣在你影子裡遊戲我的孤寂你成為了定律我放棄了時間更多更詳盡歌詞 在 ※ Mojim.com　魔鏡歌詞網 轉過了一天過了一季過一年你一如往常發著光 而我就這樣安靜地被遺忘我沉睡時幻想 你就在我身旁清醒卻發現 你仍然遠方你聽見了嗎 我在這裡歌唱一個人一個星球等待你一個回答也許有天時間把願望都埋葬只留下我為你踱步的殘響你一如往常發著光 而我就這樣安靜地被遺忘滿足地被遺忘幸福的被遺忘,"['一個', '遺忘', '地被', '沒有', '發著光', '這樣', '安靜', '一如', '往常', '一圈', '無邊', '耗盡', '勇氣', '無人', '回應', '忘記', '溫熱', '喚醒', '無法觸', '那絕', '距離', '獨自盤', '軌道', '圍繞', '不願', '遠離', '習慣', '裡遊戲', '成為', '我放棄', '時間', 'Mojim', '轉過', '過了', '發現', '遠方', '這裡', '許有', '天時間', '願望', '殘響', '滿足', '直到', '忘我', '孤寂', '星球', '踱步', '沉睡', '一季', '投射', '仰望', '埋葬', '歌唱', '指引', '光芒', '旅行', '身旁', '行李', '幻想', '清醒', '定律', '影子', '靠近', '黑暗', '呼吸', '幸福', '等待', '留下', '回答', '目的', '一天', '一年', '仍然', '不能']",邱建豪,邱建豪
作詞：邱建豪作曲：邱建豪二十八號 下午六點 尷尬的硬幣在口袋裡憋撕掉了又一頁日曆 蓋上又一碗泡麵破吉他在一邊 鑲的珠貝像從前耀眼它從沒改變 從沒改變作文紙上 我的志願 什麼時候變成樁天大謊言夢有保存期限 生活不能刷卡就只能付現能不再給我幾天 也許就一首歌的時間和我同病相憐 同病相憐騎士墜鬼馬 你要帶我飛向何方海市蜃樓還是香格里拉時間的籌碼 全梭了太不像話世界別讓我看著自己的靈魂死亡更多更詳盡歌詞 在 ※ Mojim.com　魔鏡歌詞網 誰還記得從前從前好結局的童話上演不上演真心話大冒險 真心沒了硬著頭皮大冒險讓我再許一個願 許他們白頭偕老不分別時代的冷屁股 和我的熱臉希望失望 盼望絕望相同的程式碼 複製相同的傻瓜傻瓜不傻 傻瓜很棒在絕望裡記得最初的希望騎士墜鬼馬 不管你飛向什麼鬼地方我都恣意放肆大聲歌唱時間的籌碼 全梭了那又怎麼樣最起碼不必看著自己的靈魂死亡,"['時間', '傻瓜', '改變', '什麼', '同病', '相憐', '騎士', '飛向', '籌碼', '全梭', '靈魂', '冒險', '真心', '上演', '死亡', '相同', '六點', '尷尬', '硬幣', '一頁', '一邊', '珠貝像', '紙上', '志願', '時候', '變成', '謊言夢有', '付現', '給我', '幾天', '也許', '蜃樓', '還是', 'Mojim', '還記', '結局', '童話', '著頭', '皮大', '許一個', '許他們', '白頭', '不分別', '時代', '熱臉', '絕望', '絕望裡', '記得', '大聲', '怎麼樣', '起碼', '看著', '海市', '很棒', '偕老', '一首歌', '香格里拉', '希望', '撕掉', '吉他', '恣意', '刷卡', '二十八', '程式', '作文', '放肆', '何方', '耀眼', '盼望', '歌唱', '天大', '一碗', '口袋', '屁股', '失望', '自己', '期限', '保存', '最初', '不必', '下午', '不管', '不再', '只能', '生活', '地方', '世界', '不能']",邱建豪,邱建豪
作詞：邱建豪作曲：邱建豪我是怎麼了 又礙著你煩著你了莫名其妙的沒有來由的 又要對我發脾氣了你是怎麼了 不想再說對不起了沒做錯什麼可愛又認真 到底哪裡惹到你了吃了炸藥 就待在家好好休息如果更年期...... (你討厭我我更討厭你醜八怪)被你討厭也沒關係 反正我也不是生來討你開心我就要做自己 麻煩你滾一邊去你越討厭我越開心 被你這種人喜歡我才要擔心更多更詳盡歌詞 在 ※ Mojim.com　魔鏡歌詞網 我是不是和你 一樣頭殼有問題你現在就給我閉嘴 從今天起我再也不要再也不要逆來順受我要以牙還牙以眼還眼以毒攻毒一二三四五六七八賞你一巴掌 喔耶被你討厭也沒關係 反正我也不是生來討你開心我就要做自己 麻煩你滾一邊去我比你討厭我討厭你 被你這種人喜歡我才要擔心我是不是和你 一樣頭殼有問題 你的頭殼有問題我就是討厭你,"['討厭', '開心', '頭殼', '問題', '怎麼', '沒關', '生來', '麻煩', '一邊', '這種', '喜歡', '擔心', '一樣', '一二三四五', '反正', '再也', '又礙', '煩著', '發脾氣', '不起', '錯什麼', '可愛又認', '哪裡', '炸藥', '......', '醜八怪', 'Mojim', '現在', '就給', '閉嘴', '逆來', '順受', '以牙', '還牙', '以眼', '還眼', '賞你', '是不是', '以毒攻毒', '就要', '更年期', '不要', '七八', '一巴掌', '莫名其妙', '不是', '自己', '在家', '好好', '休息', '不想', '到底', '今天', '如果', '就是']",邱建豪,邱建豪
作詞：邱建豪作曲：盧可沛、邱建豪我們好像 都是那種不能寂寞的人不能一個人走在台北街頭的人霓虹燈造的夜色 鮮豔得很冰冷誰都無法取代你擁抱的體溫我們好像 都是那種不能寂寞的人不能沒說晚安就做好夢的人沉默的月亮看著 睡不著也醒不來的我 我們 需要彼此的我們再也不能寂寞了 自從愛介入我們也許時空暫時區隔 想念牽引著每個時刻再也不會寂寞了 好的未來就要來了相信著美好 它正在發生更多更詳盡歌詞 在 ※ Mojim.com　魔鏡歌詞網 再也不會寂寞了我們好像 都是那種不能寂寞的人不能獨自在咖啡廳等待日落的人一杯全糖的溫熱 卻還是苦澀只是因為 一個人少了一個人我在沒有你的城市 追逐著你的影子傻傻期待 每一個你光臨的日子愛著你 我成了不能寂寞的人再也無法習慣一個人兩人的美好 總會到達的只要我們深愛著,"['我們', '寂寞', '一個', '那種', '不能', '無法', '不會', '再也', '好像', '美好', '街頭', '燈造', '擁抱', '體溫', '沒說', '看著', '睡不著', '不來', '自從', '許時', '空暫', '時區', '牽引著', '每個', '時刻', '未來', '發生', 'Mojim', '獨自', '全糖', '溫熱', '還是', '苦澀', '因為', '每一個', '光臨', '愛著', '我成', '習慣', '兩人', '總會', '深愛著', '霓虹', '晚安', '傻傻', '日落', '人少', '再也不能', '想念', '夜色', '台北', '冰冷', '追逐', '咖啡', '月亮', '影子', '一杯', '沉默', '彼此', '介入', '期待', '取代', '做好', '等待', '日子', '相信', '就要', '只要', '城市', '正在', '只是', '需要']",邱建豪,邱建豪
feat. 廖文強作詞：邱建豪、郭哲成作曲：邱建豪、郭哲成你孤獨地冒險 任由寂寞氣味瀰漫盤旋你說你不怕黑 已習慣夜色相陪遊走城市邊界 遍尋不著一個擁抱 溫柔以對努力勉強的笑臉 越傷痕累累再勇敢一點 潰堤的淚水 不代表妥協別讓自卑淹沒 你所有的視線倔強跨越那些不完美再坦然一些 白晝或黑夜 都值得紀念去細數故事裡 無論甜美心碎傷口也能開出燦爛的玫瑰誰再一次否決 再一次用謊言掩蓋歧見不安於世的罪 是驕傲的註解更多更詳盡歌詞 在 ※ Mojim.com　魔鏡歌詞網 從現在起拒絕 一張張偽善臉孔 全都被打碎迷霧散去的原野將風光明媚再勇敢一點 潰堤的淚水 不代表妥協別讓自卑淹沒 你所有的視線倔強跨越那些不完美再坦然一些 白晝或黑夜 都值得紀念去細數故事裡 無論甜美心碎傷口也能開出燦爛的玫瑰我喜歡你無畏的雙眼再勇敢一點 潰堤的淚水宣言了明天曾劇烈的疼痛都會蛻變我們不完美 所以完美再坦然一些 白晝或黑夜都值得紀念去珍惜故事裡 所有甜美心碎傷口已然開出燦爛的玫瑰,"['一點', '潰堤', '淚水', '白晝', '紀念', '傷口', '開出', '燦爛', '心碎', '完美', '甜美', '坦然', '玫瑰', '黑夜', '妥協別', '視線', '倔強', '細數', '無論', '勇敢', '自卑', '故事', '值得', '跨越', '所有', '一些', 'feat', '獨地', '冒險', '氣味', '漫盤', '已習慣', '遊走', '邊界', '尋不著', '一個', '擁抱', '溫柔', '勉強', '越傷', '否決', '謊言', '掩蓋', '歧見', '驕傲', 'Mojim', '從現', '拒絕', '一張', '張偽善', '臉孔', '迷霧', '將風光', '喜歡', '無畏', '雙眼', '曾劇烈', '蛻變', '我們', '代表', '明媚', '那些', '累累', '任由', '相陪', '一次', '打碎', '珍惜', '原野', '已然', '夜色', '寂寞', '宣言', '疼痛', '不安', '全都', '不怕', '明天', '努力', '城市', '所以']",邱建豪、郭哲成,邱建豪
作詞：邱建豪作曲：邱建豪寂寞的大孩子 在薄暮中流浪未熄的星光陪著他說話怎麼所愛的人 都不知去向怎麼重要的回憶 都不見啦寂寞的大孩子 踏著時間的海浪潮起潮落 淘走珍藏的時光行囊輕盈啦 準備前往下個地方只是身邊的人 你怎麼哭啦更多更詳盡歌詞 在 ※ Mojim.com　魔鏡歌詞網 寂寞的大孩子啊他的掌紋曾是誰安睡的星空啊寂寞的大孩子啊她的臉龐曾是誰親吻的花啊滲出的記憶染白了頭髮故事也渲暈成晚霞晚霞裡月亮輕輕牽著他走向 更遠的地方往不寂寞的天堂,"['寂寞', '怎麼', '孩子', '晚霞', '陪著', '所愛的', '回憶', '不見', '踏著', '時間', '淘走', '時光', '輕盈', '準備', '下個', '身邊', 'Mojim', '掌紋', '龐曾', '親吻', '滲出', '記憶染白', '了頭', '渲暈成', '輕輕', '牽著', '更遠', '潮起潮落', '安睡', '薄暮', '行囊', '星空', '不知去向', '海浪', '珍藏', '地方', '流浪', '星光', '天堂', '月亮', '前往', '故事', '走向', '只是', '重要']",邱建豪,邱建豪
作詞：邱建豪作曲：邱建豪、盧可沛鏡子裡 尷尬狼狽的我今天依然努力畫上笑容不是為誰 只為自己加油做過些比宇宙大的夢以為能把世界舉在肩頭狠摔了跟斗才知道自己從來不是英雄不願生命 成一部悲劇小說就算要我 屢敗屢戰得像個小丑我還沒有作好被打倒的準備就算心淌著血 失去所有夢和眼淚更多更詳盡歌詞 在 ※ Mojim.com　魔鏡歌詞網 攀著懸崖邊緣 疼痛已無所謂我不後退 哪怕輸了一切回到原點我並不會作好被打倒的準備就算心已破碎 反射月光照亮黑夜不是倔強的刺蝟 是勇敢的蝴蝶我還能飛 就無懼遙遠世界擁有 千萬個擊潰我的理由可我有不認輸的自由若有一天 生命的盡頭不可避免回首不求眷戀 只求無一點悔我還能飛 到那更遙遠,"['準備', '還能', '遙遠', '就算', '作好', '打倒', '生命', '鏡子裡', '尷尬', '狼狽', '畫上', '只為', '過些', '舉在', '肩頭', '從來', '不願', '悲劇', '屢敗', '戰得', '還沒有', '心淌', '著血', '眼淚', 'Mojim', '攀著', '懸崖', '邊緣', '已無所謂', '不後退', '原點', '並不會', '心已', '倔強', '無懼', '擁有', '千萬個', '擊潰', '認輸', '盡頭', '眷戀', '無一點', '不是', '跟斗', '小丑', '不求', '回首', '只求', '加油', '世界', '照亮', '蝴蝶', '若有', '破碎', '黑夜', '月光', '勇敢', '反射', '不可避免', '宇宙', '笑容', '哪怕', '疼痛', '自己', '英雄', '一部', '理由', '失去', '努力', '自由', '依然', '回到', '一天', '一切', '今天', '所有', '知道']",邱建豪,邱建豪
遊戲記憶的怪物 - 命運的抉擇宣傳曲作詞：邱建豪作曲：邱建豪、盧可沛反覆地溫習 你留下的痕跡總能讓我感到安心外套和日記 手錶或眼鏡裝載你的氣息和我的回憶獨處的房間裡 我側耳傾聽以為是你聲音卻是窗外微風 吹動的風鈴嘲笑著我心又漾起漣漪墜入時間漩渦裡看著你 不必多說什麼也會微笑喜歡你 回望著我也上揚的嘴角再一次就好 我想我做得到勇敢去擁有我們的美好更多更詳盡歌詞 在 ※ Mojim.com　魔鏡歌詞網 每個熟悉街景 都是你身影雲淡究竟怎麼風輕眼淚已隨時間 逐漸地乾涸記憶裡的你卻越發清澈依然讓我心動著看著你 不必多說什麼也會微笑喜歡你 回望著我也上揚的嘴角再一次就好 我想我做得到勇敢去擁有我們的美好喜歡你 就算旁人說有多麼可笑愛著你 就算世界與我為敵也好再一次就好 我一定做得到勇敢去擁有我們的美好這一次換我守護你 好不好,"['喜歡', '擁有', '我們', '什麼', '上揚', '勇敢', '美好', '回望', '一次', '我心', '嘴角', '得到', '微笑', '就算', '不必', '遊戲', '記憶', '命運', '抉擇', '宣傳曲', '溫習', '痕跡', '總能', '日記', '眼鏡', '裝載', '氣息', '回憶', '獨處', '房間裡', '我側', '聲音', '微風', '吹動', '風鈴', '漣漪', '墜入', '時間', '渦裡', 'Mojim', '每個', '雲淡', '怎麼', '風輕', '眼淚', '隨時間', '逐漸', '地乾涸', '記憶裡', '越發', '動著', '多麼', '愛著', '換我守護', '反覆', '街景', '外套', '旁人', '清澈', '好不好', '嘲笑', '怪物', '可笑', '安心', '窗外', '身影', '也好', '熟悉', '究竟', '留下', '依然', '感到', '世界', '一定']",邱建豪,邱建豪
作詞：邱建豪作曲：邱建豪我要用黑魔法把你變成一隻魚有著炫彩斑斕的孔雀尾巴頭頂掛著燈籠 亮晶晶我要用黑魔法把你變成一隻魚圓的扁的胖的都可以再送你一顆深海大鳳梨當玩具魚 你在我的腦海裡游來游去魚 察覺不到我溶化在水裡我是優雅的空氣啊 啊 如果你變成了魚而我也變成了空氣我們就不必再分離更多更詳盡歌詞 在 ※ Mojim.com　魔鏡歌詞網 啊 啊 如果你是魚我是空氣我就是你看似不必須卻不可或缺的我要用黑魔法把你變成一隻魚你用氣泡吐出一句我愛你美好結局可不可以不只在夢裡魚 你在我的腦海裡游來游去魚 察覺不到我溶化在水裡我是優雅的空氣啊 啊 如果你變成了魚而我也變成了空氣我們就不必再分離啊 啊 如果你是魚我是空氣我就是你看似不必須卻不可或缺的,"['變成', '空氣', '黑魔法', '不必', '腦海裡', '游來', '游去魚', '察覺', '水裡', '優雅', '魚而', '我們', '分離', '是魚', '須卻', '溶化', '不可或缺', '看似', '如果', '魚有', '頭頂', '掛著', '燈籠', '我要', '魚圓', '一顆', '大鳳梨當', 'Mojim', '魚你用', '氣泡', '結局', '夢裡魚', '彩斑', '不到', '可不可以', '亮晶晶', '孔雀', '吐出', '深海', '玩具', '尾巴', '美好', '就是', '一句', '可以']",邱建豪,邱建豪
feat. 郁心作詞：邱建豪、廖郁心作曲：邱建豪、廖郁心雨聲淋濕了單人床吵醒了光線微弱的房貓咪說：再不起床會變胖於是起身推開窗想不起昨天陽光耀眼今天的雨突然下得瘋癲我說：哎 這不就是台北啦啦啦啦啦啦 你就下吧你可以帶走憂傷你不能帶走我的倔強啦啦啦啦啦啦 你就下吧你儘管怎麼張狂我就是我的晴朗空氣中潮濕的氣味更多更詳盡歌詞 在 ※ Mojim.com　魔鏡歌詞網 配上戒不掉的咖啡待辦事項總是一大堆卻忍不住一直拖延窗外天色一片灰黑但夢想是住在心裡面你說：只有自己能實現啦啦啦啦啦啦 你就下吧你可以帶走憂傷你不能帶走我的倔強啦啦啦啦啦啦 你就下吧你儘管怎麼張狂我就是我的晴朗啦啦啦啦啦啦 你就下吧你可以帶走憂傷你不能帶走我的倔強啦啦啦啦啦啦 你就下吧你儘管怎麼張狂我就是我的晴朗,"['憂傷', '倔強', '晴朗', '就是', '不能', 'feat', '廖郁心', '廖郁', '心雨', '聲淋濕', '單人床', '光線', '房貓', '會變', '推開', '陽光', '瘋癲', '這不', '空氣', '中潮', '氣味', 'Mojim', '辦事項', '總是', '但夢想', '心裡面', '實現', '灰黑', '可以', '吵醒', '配上', '想不起', '下得', '一大堆', '耀眼', '拖延', '台北', '起床', '微弱', '咖啡', '天色', '窗外', '忍不住', '起身', '昨天', '一片', '突然', '今天', '一直', '只有', '自己']",邱建豪、廖郁心,邱建豪
"作詞：邱建豪作曲：邱建豪耳朵聽不見音樂 被塞滿垃圾郵件仇恨言論包圍 怎麼逃出生天毒蛇一般的嘴爭相嚼食著早顛倒的是非噴射酸性毒液 對慾望狼吞虎嚥瞳孔辨不清真偽 被濾鏡瞎了雙眼加塊變色鏡片 醜陋想法難道就變美道貌岸然的臉包藏的禍心卻隱隱在作祟過份扭曲的世界 誰來按下重啟鍵關掉蠻橫的自卑關掉病態的自戀關掉暴力和偏見 堆砌的霸權關掉多數的奪掠關掉虛偽的假面關掉甜膩的謊言關掉阿諛的眼淚蒸餾出的罰與罪關掉一切Reset, Reset, Reset, Reset……Reset, Reset, Reset, Reset……道貌岸然的臉更多更詳盡歌詞 在 ※ Mojim.com　魔鏡歌詞網 包藏的禍心卻隱隱在作祟窮凶惡極的世界誰來按下重啟鍵關掉蠻橫的自卑關掉病態的自戀關掉暴力和偏見 堆砌的霸權關掉多數的奪掠關掉虛偽的假面關掉甜膩的謊言關掉阿諛的眼淚蒸餾出的罰與罪關掉一切關掉對立的標籤關掉藏刺的笑靨關掉人們流的血 灌溉的花蕊關掉互相傷害的行為關掉無止盡的慾念關掉無止盡的傷悲關掉遺憾的重演關掉昨天和明天打開今天打開今天打開今天打開今天","['關掉', 'Reset', '打開', '禍心', '隱隱', '下重', '啟鍵', '蠻橫', '病態', '自戀關', '偏見', '霸權', '多數', '掠關', '虛偽', '甜膩', '謊言關', '阿諛', '眼淚', '蒸餾出', '罪關', '無止', '假面', '道貌岸然', '包藏', '今天', '作祟', '堆砌', '自卑', '暴力', '狼吞', '聽不見', '音樂', '被塞滿', '郵件', '言論', '包圍', '怎麼', '生天', '嘴爭', '相嚼', '食著', '早顛', '噴射', '濾鏡', '雙眼', '加塊', '變色', '鏡片', '醜陋', '難道', '變美', '過份', 'Mojim', '窮凶', '惡極', '對立', '笑靨', '人們', '傷害', '行為', '念關', '傷悲', '遺憾', '花蕊', '一切', '毒液', '清真', '瞳孔', '世界', '重演', '毒蛇', '扭曲', '仇恨', '逃出', '酸性', '垃圾', '是非', '灌溉', '耳朵', '想法', '明天', '互相', '昨天', '一般']",邱建豪,邱建豪
作詞：邱建豪作曲：盧可沛、邱建豪(我反芻著你留下的寂寞)我反芻著你留下的寂寞以為終究能消化成自由而你已不回頭 你已不回頭我為何還原地守候在每個午夜的夢 複習著你溫柔夜色已漸濃 我隻身穿梭迷霧中探尋你消失的行蹤閃爍的路燈 不斷警告著我別再深究 你離去的理由我反芻著你留下的寂寞以為終究能消化成自由而你已不回頭 你已不回頭我為何還原地守候在每個午夜的夢 複習著你溫柔更多更詳盡歌詞 在 ※ Mojim.com　魔鏡歌詞網 是我太執著 還是你也留戀卻不說貪婪至此不願放手 成了思念的魔是我太執著 還是你也留戀卻不說貪婪至此不願放手 成了思念的魔是我太執著 還是你也留戀卻不說貪婪至此不願放手 成了思念的魔是我太執著 還是你也留戀卻不說貪婪至此不願放手 成了思念的魔我反芻著你留下的寂寞以為終究能消化成自由而你已不回頭 你已不回頭我為何還原地守候在每個午夜的夢 複習著你溫柔到什麼時候 我才能向前走[00:00.00]理想混蛋 - 我反芻著你留下的寂寞[00:07.00][00:08.00]作詞：邱建豪 作曲：盧可沛、邱建豪[00:09.00][00:10.01]我反芻著你留下的寂寞[00:19.19]以為終究能消化成自由[00:27.92]而你已不回頭 你已不回頭[00:32.61]我為何還原地守候[00:37.22]在每個午夜的夢 複習著你溫柔[00:45.15][01:06.67]夜色已漸濃 我隻身穿梭迷霧中[01:13.18]探尋你消失的行蹤[01:16.76][01:25.03]閃爍的路燈 不斷警告著我[01:31.23]別再深究 你離去的理由[01:35.40][01:45.40]我反芻著你留下的寂寞[01:54.66]以為終究能消化成自由[02:03.38]而你已不回頭 你已不回頭[02:08.19]我為何還原地守候[02:12.72]在每個午夜的夢 複習著你溫柔[02:21.50][02:23.24]是我太執著 還是你也留戀卻不說[02:27.84]貪婪至此不願放手 成了思念的魔[02:32.46]是我太執著 還是你也留戀卻不說[02:37.12]貪婪至此不願放手 成了思念的魔[02:41.82]是我太執著 還是你也留戀卻不說[02:46.43]貪婪至此不願放手 成了思念的魔[02:51.11]是我太執著 還是你也留戀卻不說[02:55.75]貪婪至此不願放手[03:00.98]成了思念的魔[03:02.46][03:02.68]我反芻著你留下的寂寞[03:11.52]以為終究能消化成自由[03:20.27]而你已不回頭 你已不回頭[03:24.96]我為何還原地守候[03:29.64]在每個午夜的夢 複習著你溫柔[03:38.16][03:39.53]到什麼時候 我才能向前走[03:50.57][03:54.24]END 感謝 野糜  提供動態歌詞,"['回頭', '是我太', '反芻著', '執著', '還是', '留戀', '貪婪', '不願', '以為', '終究能', '何還', '每個', '習著', '溫柔', '放手', '思念', '寂寞', '至此', '守候', '午夜', '原地', '留下', '消化', '我為', '自由', '漸濃', '迷霧', '探尋', '不斷', '什麼', '時候', '深究', '穿梭', '向前走', '夜色', '警告', '理由', '消失', '我別', 'Mojim', '閃爍', 'END', '感謝', '野糜', '動態', '才能', '混蛋', '理想', '提供']",邱建豪,邱建豪
作詞：邱建豪作曲：邱建豪信仰荒蕪了城市以後，人群掙扎索求；氧氣、光線都衰弱。花火的殘燼，憤怒依舊；哀哉地控訴，竊取時間的小偷。灰佔據了眼底，抬頭不見星；執迷推遲善意，萬籟皆俱寂。末日醒悟人性，失明才看清；白晝將盡，破壞才有生機。「切莫溫馴地步入良夜…」焰影裡翩翩起舞的人啊，掏空了山與海；碎片裡尋找著出口。懸日枯萎在視線盡頭；更多更詳盡歌詞 在 ※ Mojim.com　魔鏡歌詞網 最後的禱文，懺悔不曾犯過的錯。灰佔據了眼底，抬頭不見星；執迷推遲善意，萬籟皆俱寂。末日醒悟人性，失明才看清；白晝將盡，破壞才有生機。「切莫溫馴地步入良夜…」箴言的嘴，也能將燭火給吹滅；造物的手，也可以選擇摧毀。箴言的嘴，也能將燭火給吹滅；造物的手，也可以選擇摧毀。箴言的嘴，也能將燭火給吹滅；造物的手，也可以選擇摧毀。箴言的嘴，也能將燭火給吹滅；造物的手，也可以選擇摧毀。,"['將燭', '火給', '吹滅', '選擇', '摧毀', '造物', '箴言', '良夜', '灰佔據', '抬頭', '不見星', '執迷', '推遲', '萬籟皆俱寂', '白晝', '將盡', '破壞', '溫馴', '有生', '切莫', '失明', '眼底', '善意', '末日', '醒悟', '人性', '看清', '步入', '可以', '索求', '哀哉', '荒蕪', '掙扎', '氧氣', '光線', '花火', '殘燼', '憤怒', '依舊', '控訴', '竊取', '時間', '影裡', '裡尋找', '懸日', '視線', '盡頭', 'Mojim', '最後的', '禱文', '懺悔', '犯過', '翩翩起舞', '掏空', '枯萎', '小偷', '衰弱', '碎片', '信仰', '不曾', '人群', '出口', '城市']",邱建豪,邱建豪
"作詞：邱建豪作曲：邱建豪耳朵聽不見音樂 被塞滿垃圾郵件仇恨言論包圍 怎麼逃出生天毒蛇一般的嘴 爭相嚼食著早顛倒的是非噴射酸性毒液 對慾望狼吞虎嚥瞳孔辨不清真偽 被濾鏡瞎了雙眼加塊變色鏡片 醜陋想法難道就變美道貌岸然的臉 包藏的禍心卻隱隱在作祟過份扭曲的世界 誰來按下重啟鍵關掉蠻橫的自卑 關掉病態的自戀關掉暴力和偏見堆砌的霸權關掉多數的奪掠關掉虛偽的假面 關掉甜膩的謊言關掉鱷魚的眼淚 蒸餾出的罰與罪關掉一切Reset, Reset, Reset, Reset……Reset, Reset, Reset, Reset……更多更詳盡歌詞 在 ※ Mojim.com　魔鏡歌詞網 道貌岸然的臉 包藏的禍心卻隱隱在作祟窮凶惡極的世界 誰來按下重啟鍵關掉蠻橫的自卑 關掉病態的自戀關掉暴力和偏見堆砌的霸權關掉多數的奪掠關掉虛偽的假面 關掉甜膩的謊言關掉鱷魚的眼淚 蒸餾出的罰與罪關掉一切關掉對立的標籤 關掉藏刺的笑靨關掉人們流的血 灌溉的花蕊關掉互相傷害的行為關掉無止盡的慾念 關掉無止盡的傷悲關掉遺憾的重演 關掉昨天和明天打開今天打開今天打開今天","['關掉', 'Reset', '打開', '禍心', '隱隱', '下重', '啟鍵', '蠻橫', '病態', '自戀關', '偏見', '霸權', '多數', '掠關', '虛偽', '甜膩', '謊言關', '鱷魚', '眼淚', '蒸餾出', '罪關', '無止', '假面', '道貌岸然', '包藏', '作祟', '堆砌', '自卑', '暴力', '今天', '狼吞', '聽不見', '音樂', '被塞滿', '郵件', '言論', '包圍', '怎麼', '生天', '爭相嚼', '食著', '早顛', '噴射', '濾鏡', '雙眼', '加塊', '變色', '鏡片', '醜陋', '難道', '變美', '過份', 'Mojim', '窮凶', '惡極', '對立', '笑靨', '人們', '傷害', '行為', '傷悲', '遺憾', '花蕊', '一切', '毒液', '清真', '瞳孔', '世界', '重演', '毒蛇', '扭曲', '仇恨', '逃出', '酸性', '垃圾', '是非', '灌溉', '耳朵', '想法', '明天', '互相', '昨天', '一般']",邱建豪,邱建豪
作詞：邱建豪作曲：盧可沛、邱建豪關於我們該往哪走 總眾說紜紛左不過熱度三分 右是太天真關於我們該怎麼做 誰置喙太深究竟是玩火自焚 還是開創者 誰也說不準時代的巨輪 不停轉著 轉著都什麼時候了醒著等待不如夢遊著往前 狂奔用力推開那一扇門橫衝直撞那又如何疼痛證明活著悲傷幸運都是訪客好壞不需要誰認可選擇我的選擇誰知道下一扇門 通往哪裡呢總要闖了才曉得生命的旅程 多蜿蜒曲折可若不曾走過 怎麼留下一些什麼用力推開那一扇門橫衝直撞那又如何疼痛證明活著更多更詳盡歌詞 在 ※ Mojim.com　魔鏡歌詞網 悲傷幸運都是訪客好壞不需要誰認可選擇我的選擇誰知道下一扇門 通往哪裡呢總要闖了才曉得關於我們該往哪走 關於我們該怎麼做關於我們該往哪走 關於我們該怎麼活關於我們該往哪走 總眾說紜紛關於我們該怎麼做 誰置喙太深關於我們該往哪走 有誰來揣測關於我們該怎麼活 該怎麼選擇我知道 就夠了 我要用力推開那一扇門橫衝直撞滿身傷痕至少我很快樂悲傷幸運都是過程好壞有我自己認可選擇我的選擇誰知道下一扇門 通往哪裡呢[00:01]理想混蛋[00:02]門[00:03]作詞：邱建豪[00:04]作曲：盧可沛、邱建豪[00:08]關於我們該往哪走 總眾說紜紛[00:14]左不過熱度三分 右是太天真[00:21]關於我們該怎麼做 誰置喙太深[00:27]究竟是玩火自焚 還是開創者 誰也說不準[00:48]時代的巨輪 不停轉著 轉著[01:01]都什麼時候了[01:06]醒著等待不如夢遊著往前 狂奔[01:13]用力推開那一扇門[01:17]橫衝直撞那又如何[01:20]疼痛證明活著[01:26]悲傷幸運都是訪客[01:30]好壞不需要誰認可[01:33]選擇我的選擇[01:38]誰知道下一扇門 通往哪裡呢[01:43]總要闖了才曉得[02:00]生命的旅程 多蜿蜒曲折[02:11]可若不曾走過 怎麼留下一些什麼[02:18]用力推開那一扇門[02:22]橫衝直撞那又如何[02:25]疼痛證明活著[02:31]悲傷幸運都是訪客[02:34]好壞不需要誰認可[02:38]選擇我的選擇[02:43]誰知道下一扇門 通往哪裡呢[02:48]總要闖了才曉得[03:03]關於我們該往哪走[03:10]關於我們該怎麼做[03:16]關於我們該往哪走[03:23]關於我們該怎麼活[03:29]關於我們該往哪走 總眾說紜紛[03:36]關於我們該怎麼做 誰置喙太深[03:42]關於我們該往哪走 有誰來揣測[03:49]關於我們該怎麼活 該怎麼選擇[03:54]我知道 就夠了 我要[04:02]用力推開那一扇門[04:05]橫衝直撞滿身傷痕[04:09]至少我很快樂[04:15]悲傷幸運都是過程[04:18]好壞有我自己認可[04:22]選擇我的選擇[04:27]誰知道下一扇門 通往哪裡呢 感謝 sherry088  提供動態歌詞,"['我們', '怎麼', '關於', '選擇', '一扇', '推開', '幸運', '哪裡', '直撞', '悲傷', '置喙', '總眾', '轉著', '什麼', '證明', '活著', '訪客', '總要', '用力', '通往', '門橫衝', '認可選擇', '才曉得', '橫衝', '好壞', '認可', '知道', '疼痛', '太深', '熱度', '玩火自焚', '還是', '創者', '不準', '時代', '巨輪', '時候', '夢遊著', '可若', '走過', '就夠', '我要', '滿身', '傷痕', '過程', '太天真', '旅程', '如何', '狂奔', '需要', '蜿蜒', '三分', '往前', '曲折', '不停', '不曾', '等待', '生命', '不如', '邱建豪關', '紛左不過', 'Mojim', '才曉得關', '做關', '活關', '紛關', '太深關', '測關', '樂悲傷', '左不過', '醒著', '揣測', '感謝', 'sherry088', '動態', '究竟', '至少', '留下', '很快', '混蛋', '一些', '自己', '理想', '提供']",邱建豪,邱建豪
作詞：邱建豪作曲：李建廷、盧可沛、邱建豪用一堂課 解一道題用幾年青春 換不出我們的謎底塵封日記 歪斜筆跡十七歲的秘密 計算著我們的距離解不開的難題 原來是你明明曾經靠近 我卻自作聰明推不出的邏輯 為何是你深藏抽屜裡 寫滿我 遺憾的筆記你的身影 遙不可及偶爾的關心 多溫柔卻銳利友情愛情 幾分之幾遲遲無法下筆 困在你給的圓周裡更多更詳盡歌詞 在 ※ Mojim.com　魔鏡歌詞網 解不開的難題 原來是你明明曾經靠近 我卻自作聰明推不出的邏輯 為何是你深藏抽屜裡 寫滿我 遺憾的筆記把負數變為正數畫上絕對值就能得出卻不能 把不愛我的你變成 愛我的得不到的愛情 原來是你就別再過份好奇 答案早已透明圓不了的結局 為何是你淡去的背影 嘲笑我 多無能為力,"['原來', '為何', '我們', '解不開', '難題', '曾經', '聰明', '推不出', '邏輯', '抽屜裡', '寫滿', '遺憾', '筆記', '愛情', '自作', '深藏', '明明', '靠近', '邱建豪用', '題用', '幾年', '換不出', '底塵', '封日記', '筆跡', '計算著', '距離', '偶爾', '關心', '多溫', '銳利', '幾分', '幾遲', '遲無法', '下筆', '你給', '圓周裡', 'Mojim', '負數', '變為', '正數', '畫上', '絕對值', '不愛我', '變成', '愛我', '過份', '結局', '淡去', '多無能', '為力', '歪斜', '一堂', '困在', '友情', '十七', '嘲笑', '背影', '青春', '得不到', '好奇', '身影', '透明', '得出', '答案', '秘密', '一道', '早已', '不了', '不可', '不能']",邱建豪,邱建豪
作詞：邱建豪作曲：盧可沛、邱建豪我反芻著你留下的寂寞以為終究能消化成自由而你已不回頭 你已不回頭我為何還原地守候在每個午夜的夢 複習著你溫柔夜色已漸濃 我隻身穿梭迷霧中探尋你消失的行蹤閃爍的路燈 不斷警告著我別再深究 你離去的理由我反芻著你留下的寂寞以為終究能消化成自由而你已不回頭 你已不回頭我為何還原地守候在每個午夜的夢 複習著你溫柔更多更詳盡歌詞 在 ※ Mojim.com　魔鏡歌詞網 是我太執著 還是你也留戀卻不說貪婪至此不願放手 成了思念的魔是我太執著 還是你也留戀卻不說貪婪至此不願放手 成了思念的魔是我太執著 還是你也留戀卻不說貪婪至此不願放手 成了思念的魔是我太執著 還是你也留戀卻不說貪婪至此不願放手 成了思念的魔我反芻著你留下的寂寞以為終究能消化成自由而你已不回頭 你已不回頭我為何還原地守候在每個午夜的夢 複習著你溫柔到什麼時候 我才能向前走,"['回頭', '是我太', '執著', '還是', '留戀', '貪婪', '不願', '反芻著', '以為', '終究能', '何還', '每個', '習著', '溫柔', '放手', '思念', '至此', '守候', '午夜', '原地', '寂寞', '消化', '自由', '留下', '漸濃', '迷霧', '探尋', '不斷', '我別', 'Mojim', '什麼', '時候', '深究', '穿梭', '向前走', '夜色', '警告', '理由', '消失', '才能']",邱建豪,邱建豪
"作詞：邱建豪、盧可沛作曲：盧可沛、邱建豪今天星期六 Wake up without 鬧鐘正午的太陽有點兇 直穿我被窩賴床再一個鐘頭讓疲憊像塵蟎一樣一掃而空今天星期六 Why I feel so alone都已經過十二點鐘 電話還沒通心裡有我還沒我好天氣竟然讓我一個人放空Oh my Saturday,it's not the Saturday of yours為什麼不懂我 難道愛我都是在吹牛Oh my Saturday,不想再有期待 anymore但是下一個週末 還是想牽你去兜兜風今天星期六 Put on my fancy coat提前到了你家門口 還梳個油頭電鈴按半個鐘頭等著仙女下凡怎麼一個人也沒有今天星期六 On my way to salon提前就約了好朋友 from San Francisco更多更詳盡歌詞 在 ※ Mojim.com　魔鏡歌詞網 想說今天難得週六讓你睡到自然醒 怎麼手機突然震動Oh my Saturday,it's not the Saturday of yours為什麼不懂我 難道愛我都是在吹牛Oh my Saturday,不想再有期待 anymore但是下一個週末 還是想牽你去兜兜風我看不清 是真愛還是暈就快星期一 還不發生點新奇的事情 到底？我不想要每個週六 都不知道你在做什麼只看著美美的你 在沒我的照片 吃小美冰淇淋你不該忘記我們的第一次見面小鹿亂撞到午夜Oh my Saturday,I just wanna make it also yours想配合你更多 怎麼好像反而有點囧Oh my Saturday,it's ok coz I'll always be yours下個星期六 還是一樣想你到發瘋","['my', 'Saturday', 'Oh', 'yours', '星期六', '一個', '什麼', '還是', '怎麼', '今天', '有點', '鐘頭', '一樣', '難道', '愛我', 'anymore', '下一個', '週末', '兜兜', '吹牛', '再有', '期待', '提前', '仙女下凡', 'Wake', 'up', 'without', '鬧鐘', '太陽', '直穿', '賴床', '疲憊', '一掃', 'Why', 'feel', 'so', 'alone', '經過', '點鐘', '電話', '還沒通', '心裡', '還沒', '天氣', 'Put', 'fancy', 'coat', '門口', '還梳個', '油頭', '電鈴', '按半個', 'way', 'salon', 'San', 'Francisco', 'Mojim', '難得', '週六讓', '手機', '震動', '真愛還', '是暈', '還不發', '生點', '每個', '週六', '吃小美', '不該', '忘記', '我們', '見面', 'just', 'wanna', 'make', 'also', 'ok', 'coz', 'll', 'always', '下個', '發瘋', '不想', '冰淇淋', '放空', '美美', '小鹿', '正午', '星期一', '午夜', '新奇', '看不清', '但是', '你家', '十二', '照片', '想要', '配合', '反而', '竟然', '朋友', '到底', '第一次', '好像', '自然', '突然', '事情', '知道']",邱建豪、盧可沛,邱建豪
"作詞：邱建豪作曲：邱建豪有沒有什麼好方法把討厭的你給遺忘不懂愛情的傻瓜有沒有什麼好方法讓幼稚的你能長大把冰塊融化 把木頭變太陽你什麼都好 但就是有個地方特別讓人牙癢癢要曖昧多久 才能讓你的心也不再流浪我一直在想 有沒有什麼好方法每一個晚上 翻來又覆去直到天亮美好的想像 在腦海裡像電影般循環播放Oh, they tell me it's loveYeah, they tell me it is love有沒有什麼好方法把你的笑好好珍藏我就想守護 你這個大寶藏更多更詳盡歌詞 在 ※ Mojim.com　魔鏡歌詞網 你什麼都好 但就是有個地方特別讓人牙癢癢要曖昧多久 才能讓你的心也不再流浪我一直在想 有沒有什麼好方法鼓起勇氣吧 好不容易走到你身旁又說不出話 看著你我就變成了臉紅的啞巴Oh, they tell me it's loveYeah, they tell me it is love你是不是還在等一個很好的天氣(非常晴朗的天氣)你是不是還在等一個很美的風景(或許在某個花園裡)你是不是還在等一個很好很好的人那就是我 我就在這裡現在告訴我 你也願意我一直在想 有沒有什麼好方法每一個晚上 翻來又覆去直到天亮美好的想像 在腦海裡像電影般循環播放Oh, they tell me it's loveAnd I know that it is love","['什麼', 'they', 'tell', 'me', 'Oh', 'love', '還在', '一個', '方法', '有個', '特別', '人牙癢', '曖昧', '每一個', '翻來', '覆去', '腦海裡', '電影般', '循環', 'loveYeah', '天氣', '是不是', '流浪', '播放', '想像', '美好', '天亮', '多久', '一直', '討厭', '你給', '遺忘', '愛情', '能長', '冰塊', '木頭', '變太陽', '守護', '這個', '大寶藏', 'Mojim', '勇氣', '出話', '看著', '變成', '臉紅', '啞巴', '美的', '風景', '或許', '某個', '花園裡', '這裡現', '告訴', '願意', 'loveAnd', 'know', '晚上', '直到', '不再', '就是', '才能', '鼓起', '晴朗', '珍藏', '地方', '幼稚', '傻瓜', '融化', '好不容易', '身旁', '好好', '走到', '非常']",邱建豪,邱建豪
作詞：邱建豪、郭哲成作曲：邱建豪、郭哲成熙來攘往人群中 向左向右或停留下一個轉彎路口 通往貧瘠或肥沃我走得顛簸卻自由手心緊握不放鬆 是抓住希望或傷痛能再相信嗎 能再相信嗎一定會的 我對自己這麼說一定會的 曙光驅散那灰濛的天空一定會的 蔚藍之下盛開彩色的夢寬容 你眼中不夠成熟的我執意把勇氣揮霍 才感到光榮生命如綿長阡陌 必經歷蜿蜒迷惑才懂得微笑理由更多更詳盡歌詞 在 ※ Mojim.com　魔鏡歌詞網 珍惜擁有 也得失去過才懂別怕我傷得太重 我一定會犯錯卻也一定會再成長很多請放心地看著我 陪著我享受其中再繼續繼續往前走一定會的 曙光驅散那灰濛的天空一定會的 蔚藍之下盛開彩色的夢寬容 你眼中不夠完整的我執意把勇氣揮霍 才不覺錯過一定會的 就算風雨反覆明滅燭火一定會的 顫抖著描繪生命的輪廓承諾 再辛苦也要一起走過穿越黑夜的盡頭 讓故事雋永,"['一定', '驅散', '灰濛', '蔚藍', '盛開', '寬容', '不夠', '執意', '勇氣揮', '繼續', '曙光', '彩色', '眼中', '天空', '之下', '生命', '郭哲', '成熙', '來攘往', '下一個', '轉彎', '貧瘠', '顛簸', '緊握', '或傷', '痛能', '這麼', '光榮', '如綿長', '必經歷', 'Mojim', '擁有', '過才', '懂別', '傷得', '會犯', '成長', '陪著', '不覺', '錯過', '風雨', '明滅', '燭火', '顫抖', '描繪', '輪廓', '承諾', '走過', '盡頭', '相信', '左向右', '阡陌', '反覆', '手心', '珍惜', '太重', '迷惑', '蜿蜒', '穿越', '黑夜', '往前走', '路口', '肥沃', '辛苦', '停留', '通往', '懂得', '微笑', '就算', '抓住', '人群', '完整', '享受', '理由', '放心', '成熟', '故事', '失去', '自由', '感到', '希望', '一起', '很多', '其中', '自己']",邱建豪、郭哲成,邱建豪
作詞：邱建豪、郭哲成作曲：邱建豪、郭哲成冰河期如果都結束了，為什麼心不是熱的？大洪水如果都退去了，為什麼我還窒息著？世界必然有黑暗，一定也有光明存在，我是這樣相信著。你說你也想要很好，但總是擔心做不到；想狩獵驕傲和榮耀，卻害怕搆不著目標。生命必然有挫折，一定也有美好發生，何不努力讓渴望成真。勇氣是唯一的方舟，裝載音樂、充填笑容，倒數三秒，開始行動！在地球爆炸之前，我們還有多少時間？口袋裡願望沒實現，現在就是最好機會！不准你猶豫不決，有翅膀就要飛，有翅膀就飛！在地球爆炸之前，再來一場華麗冒險！偉大不一定卓越，有時只要瘋狂一點點。讓衝動自由蔓延，跨越夢的奇異點！腦海裡的藍圖多的很，什麼時候才能完成？更多更詳盡歌詞 在 ※ Mojim.com　魔鏡歌詞網 天殺的計畫又怎麼了？突如其來什麼波折？旅程必然會迷惘，誰不是一路跌跌撞撞，由徬徨走向了堅強。勇氣是唯一的方舟，裝載音樂、充填笑容，倒數三秒，開始行動！在地球爆炸之前，我們還有多少時間？口袋裡願望沒實現，現在就是最好機會！不准你猶豫不決，有翅膀就要飛，有翅膀就飛！在地球爆炸之前，再來一場華麗冒險！偉大不一定卓越，有時只要瘋狂一點點。讓衝動自由蔓延，跨越夢的奇異點！在地球爆炸之前，我們還有多少時間？恐龍們會不會也後悔當初有夢沒實現？心裡的火山煮沸，生命就該浪費，在美好瞬間！在地球爆炸之前，再來一場華麗冒險！有你陪在我身邊，就不怕再瘋狂一點點。讓衝動自由蔓延，跨越夢的奇異點！,"['爆炸', '地球', '什麼', '我們', '還有', '時間', '實現', '再來', '一場', '華麗', '冒險', '瘋狂', '一點點', '衝動', '奇異點', '翅膀', '之前', '三秒', '勇氣', '裝載', '音樂', '倒數', '裡願望', '現在', '機會', '猶豫', '不決', '偉大', '有時', '跨越', '蔓延', '始行', '方舟', '充填', '必然', '自由', '一定', '卓越', '多少', '美好', '口袋', '笑容', '不准', '徬徨', '冰河期', '生命', '結束', '熱的', '我還', '這樣', '擔心', '狩獵', '驕傲', '榮耀', '發生', '腦海裡', '藍圖', '時候', 'Mojim', '天殺', '計畫', '怎麼', '來什麼', '堅強', '恐龍們', '不會', '也後悔', '當初', '心裡', '浪費', '瞬間', '身邊', '唯一', '最好', '就要', '只要', '迷惘', '煮沸', '旅程', '如其', '跌跌撞撞', '波折', '窒息', '退去', '挫折', '如果', '渴望', '何不', '光明', '不是', '火山', '洪水', '就是', '想要', '黑暗', '不怕', '害怕', '一路', '走向', '努力', '相信', '才能', '不到', '完成', '存在', '世界']",邱建豪、郭哲成,邱建豪
"作詞：邱建豪、盧可沛、李建廷、郭哲成作曲：盧可沛、邱建豪又沒帶鑰匙出門去找不到左邊的耳機錢包放哪裡 天開始下雨雨傘迷路在剛剛的捷運手機電量紅色警訊等不到他回我的訊息暈船暈到南極 心變得冷冰冰連行人都用眼神表達同情Today only 這運氣今日限定大口深呼吸還是要 還是要笑著告訴自己Easy peasy, lemon squeezy跌倒的姿勢要帥氣就算狼狽也要率性Easy peasy, lemon squeezy人生不如意十之八七気持ち要鬆不要緊急剎車的公車司機更多更詳盡歌詞 在 ※ Mojim.com　魔鏡歌詞網 喝兩口就打翻的多多綠博愛座的阿姨 表情像燈籠魚往波蘭的機票我立刻下訂Today only 這運氣今日限定再一個深呼吸邊哭邊笑 邊哭邊笑這樣告訴自己Easy peasy, lemon squeezy跌倒的姿勢要帥氣就算狼狽也要率性Easy peasy, lemon squeezy人生不如意十之八七気持ち要鬆不要緊Easy peasy, lemon squeezy跌倒的姿勢要帥氣就算狼狽也要率性Easy peasy, lemon squeezy人生不如意十之八七気持ち要鬆不要緊","['Easy', 'peasy', 'lemon', 'squeezy', '姿勢', '帥氣', '狼狽', '十之', '率性', '八七', '不如意', '跌倒', 'Today', 'only', '這運氣', '還是', '告訴', '邊哭邊', '深呼吸', '人生', '就算', '限定', '不要', '包放', '沒帶', '鑰匙', '出門', '左邊', '耳機', '哪裡', '天開始', '雨傘', '剛剛', '捷運手', '機電量', '紅色', '警訊', '訊息暈', '船暈', '南極', '心變', '表達', '緊急', '剎車', '公車', '司機', 'Mojim', '兩口', '綠博愛座', '燈籠', '魚往', '波蘭', '機票', '下訂', '一個', '這樣', '不到', '今日', '冷冰冰', '迷路', '打翻', '阿姨', '多多', '下雨', '行人', '眼神', '同情', '自己', '表情', '立刻']",邱建豪、盧可沛、李建廷、郭哲成,邱建豪
